"discente";"sexo";"ano_ingresso";"ultimo_periodo";"semestre";"semestre_dividido";"ch_cumprida";"ch_cumprida_dividida";"tempo_relativo";"status";"matricula";"ALGORITMOS E LÓGICA DE PROGRAMAÇÃO";"ALGORITMOS E LÓGICA DE PROGRAMAÇÃO_APROVADO";"ALGORITMOS E LÓGICA DE PROGRAMAÇÃO_REPROVADO";"INTRODUÇÃO À INFORMÁTICA";"INTRODUÇÃO À INFORMÁTICA_APROVADO";"INTRODUÇÃO À INFORMÁTICA_REPROVADO";"FUNDAMENTOS DE MATEMÁTICA";"FUNDAMENTOS DE MATEMÁTICA_APROVADO";"FUNDAMENTOS DE MATEMÁTICA_REPROVADO";"LÓGICA";"LÓGICA_APROVADO";"LÓGICA_REPROVADO";"TEORIA GERAL DA ADMINISTRAÇÃO";"TEORIA GERAL DA ADMINISTRAÇÃO_APROVADO";"TEORIA GERAL DA ADMINISTRAÇÃO_REPROVADO";"PROGRAMAÇÃO";"PROGRAMAÇÃO_APROVADO";"PROGRAMAÇÃO_REPROVADO";"CÁLCULO DIFERENCIAL E INTEGRAL";"CÁLCULO DIFERENCIAL E INTEGRAL_APROVADO";"CÁLCULO DIFERENCIAL E INTEGRAL_REPROVADO";"TEORIA GERAL DOS SISTEMAS";"TEORIA GERAL DOS SISTEMAS_APROVADO";"TEORIA GERAL DOS SISTEMAS_REPROVADO";"PROGRAMAÇÃO ORIENTADA A OBJETOS I";"PROGRAMAÇÃO ORIENTADA A OBJETOS I_APROVADO";"PROGRAMAÇÃO ORIENTADA A OBJETOS I_REPROVADO";"ESTRUTURA DE DADOS";"ESTRUTURA DE DADOS_APROVADO";"ESTRUTURA DE DADOS_REPROVADO";"ÁLGEBRA LINEAR";"ÁLGEBRA LINEAR_APROVADO";"ÁLGEBRA LINEAR_REPROVADO";"ORGANIZAÇÃO, SISTEMAS E MÉTODOS";"ORGANIZAÇÃO, SISTEMAS E MÉTODOS_APROVADO";"ORGANIZAÇÃO, SISTEMAS E MÉTODOS_REPROVADO";"FUNDAMENTOS DE SISTEMAS DE INFORMAÇÃO";"FUNDAMENTOS DE SISTEMAS DE INFORMAÇÃO_APROVADO";"FUNDAMENTOS DE SISTEMAS DE INFORMAÇÃO_REPROVADO";"PROGRAMAÇÃO WEB";"PROGRAMAÇÃO WEB_APROVADO";"PROGRAMAÇÃO WEB_REPROVADO";"ARQUITETURA DE COMPUTADORES";"ARQUITETURA DE COMPUTADORES_APROVADO";"ARQUITETURA DE COMPUTADORES_REPROVADO";"PROBABILIDADE E ESTATÍSTICA";"PROBABILIDADE E ESTATÍSTICA_APROVADO";"PROBABILIDADE E ESTATÍSTICA_REPROVADO";"BANCO DE DADOS";"BANCO DE DADOS_APROVADO";"BANCO DE DADOS_REPROVADO";"ENGENHARIA DE SOFTWARE I";"ENGENHARIA DE SOFTWARE I_APROVADO";"ENGENHARIA DE SOFTWARE I_REPROVADO";"PROGRAMAÇÃO ORIENTADA A OBJETOS II";"PROGRAMAÇÃO ORIENTADA A OBJETOS II_APROVADO";"PROGRAMAÇÃO ORIENTADA A OBJETOS II_REPROVADO";"SISTEMAS OPERACIONAIS";"SISTEMAS OPERACIONAIS_APROVADO";"SISTEMAS OPERACIONAIS_REPROVADO";"PROJETO E ADMINISTRAÇÃO DE BANCO DE DADOS";"PROJETO E ADMINISTRAÇÃO DE BANCO DE DADOS_APROVADO";"PROJETO E ADMINISTRAÇÃO DE BANCO DE DADOS_REPROVADO";"ENGENHARIA DE SOFTWARE II";"ENGENHARIA DE SOFTWARE II_APROVADO";"ENGENHARIA DE SOFTWARE II_REPROVADO";"REDES DE COMPUTADORES";"REDES DE COMPUTADORES_APROVADO";"REDES DE COMPUTADORES_REPROVADO";"EMPREENDEDORISMO EM INFORMÁTICA";"EMPREENDEDORISMO EM INFORMÁTICA_APROVADO";"EMPREENDEDORISMO EM INFORMÁTICA_REPROVADO";"GESTÃO DE PROJETO DE SOFTWARE";"GESTÃO DE PROJETO DE SOFTWARE_APROVADO";"GESTÃO DE PROJETO DE SOFTWARE_REPROVADO";"PROGRAMAÇÃO VISUAL";"PROGRAMAÇÃO VISUAL_APROVADO";"PROGRAMAÇÃO VISUAL_REPROVADO";"MATEMÁTICA FINANCEIRA";"MATEMÁTICA FINANCEIRA_APROVADO";"MATEMÁTICA FINANCEIRA_REPROVADO";"SISTEMAS DE APOIO À DECISÃO";"SISTEMAS DE APOIO À DECISÃO_APROVADO";"SISTEMAS DE APOIO À DECISÃO_REPROVADO";"ÉTICA";"ÉTICA_APROVADO";"ÉTICA_REPROVADO"
"029458a349548473ecd50f3ed942ddf7";1;2020;20221;6;0.75;1050;0.5737704918032787;-0.5737704918032787;-1;16.0;1.0;0.0;0.0;1.0;0.0;0.0;1.0;0.0;0.0;1.0;0.0;0.0;1.0;0.0;0.0;0.0;0.0;0.0;0.0;0.0;0.0;0.0;0.0;0.0;0.0;0.0;0.0;2.0;1.0;1.0;0.0;0.0;0.0;0.0;0.0;0.0;0.0;0.0;0.0;0.0;0.0;0.0;0.0;0.0;0.0;1.0;1.0;0.0;0.0;0.0;0.0;0.0;0.0;0.0;0.0;0.0;0.0;0.0;0.0;0.0;0.0;0.0;0.0;0.0;0.0;0.0;0.0;0.0;0.0;0.0;0.0;0.0;0.0;0.0;0.0;1.0;1.0;0.0;2.0;1.0;0.0;4.0;1.0;1.0;1.0;0.0;1.0
"095dc51fb47cf56f8a22f41cfd707c7a";1;2021;20222;4;0.5;1080;0.5901639344262295;-0.5901639344262295;-1;16.0;1.0;1.0;0.0;1.0;1.0;0.0;3.0;0.0;2.0;1.0;0.0;1.0;1.0;1.0;0.0;3.0;0.0;3.0;1.0;0.0;1.0;1.0;1.0;0.0;0.0;0.0;0.0;0.0;0.0;0.0;1.0;0.0;1.0;1.0;1.0;0.0;1.0;1.0;0.0;0.0;0.0;0.0;1.0;0.0;1.0;0.0;0.0;0.0;0.0;0.0;0.0;0.0;0.0;0.0;0.0;0.0;0.0;0.0;0.0;0.0;0.0;0.0;0.0;0.0;0.0;0.0;0.0;0.0;0.0;0.0;0.0;0.0;0.0;0.0;0.0;0.0;0.0;0.0;0.0;0.0;0.0;0.0;0.0;0.0;0.0;0.0;0.0
"09a69579d92ba2fc1463c68cea133a1c";1;2022;20222;2;0.25;540;0.29508196721311475;-0.29508196721311475;-1;8.0;1.0;1.0;0.0;1.0;1.0;0.0;1.0;1.0;0.0;1.0;1.0;0.0;1.0;1.0;0.0;1.0;1.0;0.0;1.0;1.0;0.0;1.0;1.0;0.0;0.0;0.0;0.0;0.0;0.0;0.0;0.0;0.0;0.0;0.0;0.0;0.0;0.0;0.0;0.0;0.0;0.0;0.0;0.0;0.0;0.0;0.0;0.0;0.0;0.0;0.0;0.0;0.0;0.0;0.0;0.0;0.0;0.0;0.0;0.0;0.0;0.0;0.0;0.0;0.0;0.0;0.0;0.0;0.0;0.0;0.0;0.0;0.0;0.0;0.0;0.0;0.0;0.0;0.0;0.0;0.0;0.0;0.0;0.0;0.0;0.0;0.0;0.0
"0a078f407dbf55307a5d5916338b18c6";1;2022;20222;2;0.25;540;0.29508196721311475;-0.29508196721311475;-1;8.0;1.0;1.0;0.0;1.0;1.0;0.0;1.0;1.0;0.0;1.0;1.0;0.0;1.0;1.0;0.0;1.0;1.0;0.0;1.0;1.0;0.0;1.0;1.0;0.0;0.0;0.0;0.0;0.0;0.0;0.0;0.0;0.0;0.0;0.0;0.0;0.0;0.0;0.0;0.0;0.0;0.0;0.0;0.0;0.0;0.0;0.0;0.0;0.0;0.0;0.0;0.0;0.0;0.0;0.0;0.0;0.0;0.0;0.0;0.0;0.0;0.0;0.0;0.0;0.0;0.0;0.0;0.0;0.0;0.0;0.0;0.0;0.0;0.0;0.0;0.0;0.0;0.0;0.0;0.0;0.0;0.0;0.0;0.0;0.0;0.0;0.0;0.0
"0c3addf48f18463a062c99955c8183f7";1;2016;20221;11;1.375;2250;1.2295081967213115;-1.2295081967213115;-1;36.0;1.0;1.0;0.0;1.0;1.0;0.0;2.0;1.0;1.0;1.0;1.0;0.0;1.0;1.0;0.0;1.0;1.0;0.0;1.0;1.0;0.0;1.0;1.0;0.0;1.0;1.0;0.0;1.0;1.0;0.0;6.0;1.0;2.0;1.0;1.0;0.0;1.0;1.0;0.0;1.0;1.0;0.0;1.0;1.0;0.0;2.0;1.0;1.0;1.0;1.0;0.0;1.0;1.0;0.0;1.0;1.0;0.0;1.0;1.0;0.0;1.0;1.0;0.0;1.0;1.0;0.0;1.0;1.0;0.0;1.0;1.0;0.0;2.0;1.0;1.0;1.0;1.0;0.0;1.0;1.0;0.0;1.0;1.0;0.0;0.0;0.0;0.0
"0e3848b12e9ad499461ffc012761c0ac";1;2019;20222;9;1.125;1890;1.0327868852459017;-1.0327868852459017;-1;29.0;1.0;1.0;0.0;1.0;1.0;0.0;1.0;1.0;0.0;6.0;1.0;1.0;1.0;1.0;0.0;3.0;1.0;0.0;1.0;0.0;1.0;1.0;1.0;0.0;1.0;1.0;0.0;1.0;1.0;0.0;0.0;0.0;0.0;2.0;1.0;0.0;1.0;1.0;0.0;1.0;1.0;0.0;1.0;1.0;0.0;1.0;1.0;0.0;1.0;1.0;0.0;1.0;1.0;0.0;1.0;1.0;0.0;0.0;0.0;0.0;0.0;0.0;0.0;0.0;0.0;0.0;0.0;0.0;0.0;0.0;0.0;0.0;0.0;0.0;0.0;0.0;0.0;0.0;2.0;1.0;0.0;0.0;0.0;0.0;1.0;1.0;0.0
"0f2ab452445a78a001f04f460f26c4b7";1;2017;20222;12;1.5;2220;1.2131147540983607;-1.2131147540983607;-1;35.0;1.0;1.0;0.0;1.0;1.0;0.0;4.0;1.0;3.0;1.0;1.0;0.0;1.0;1.0;0.0;2.0;1.0;1.0;0.0;0.0;0.0;1.0;1.0;0.0;1.0;1.0;0.0;1.0;1.0;0.0;1.0;1.0;0.0;1.0;1.0;0.0;1.0;1.0;0.0;1.0;1.0;0.0;2.0;1.0;1.0;1.0;1.0;0.0;2.0;1.0;1.0;1.0;1.0;0.0;2.0;1.0;0.0;1.0;1.0;0.0;1.0;1.0;0.0;1.0;1.0;0.0;1.0;1.0;0.0;1.0;1.0;0.0;1.0;1.0;0.0;1.0;1.0;0.0;1.0;1.0;0.0;1.0;1.0;0.0;1.0;1.0;0.0
"1209573a621a42721686b61612f51936";1;2022;20221;1;0.125;330;0.18032786885245902;-0.18032786885245902;-1;5.0;1.0;0.0;0.0;1.0;0.0;1.0;1.0;0.0;1.0;1.0;0.0;1.0;1.0;0.0;1.0;0.0;0.0;0.0;0.0;0.0;0.0;0.0;0.0;0.0;0.0;0.0;0.0;0.0;0.0;0.0;0.0;0.0;0.0;0.0;0.0;0.0;0.0;0.0;0.0;0.0;0.0;0.0;0.0;0.0;0.0;0.0;0.0;0.0;0.0;0.0;0.0;0.0;0.0;0.0;0.0;0.0;0.0;0.0;0.0;0.0;0.0;0.0;0.0;0.0;0.0;0.0;0.0;0.0;0.0;0.0;0.0;0.0;0.0;0.0;0.0;0.0;0.0;0.0;0.0;0.0;0.0;0.0;0.0;0.0;0.0;0.0;0.0
"1408a5143baf1d608b929bcd5a688b56";1;2022;20222;2;0.25;540;0.29508196721311475;-0.29508196721311475;-1;8.0;1.0;1.0;0.0;1.0;1.0;0.0;1.0;1.0;0.0;1.0;1.0;0.0;1.0;1.0;0.0;1.0;1.0;0.0;1.0;1.0;0.0;1.0;1.0;0.0;0.0;0.0;0.0;0.0;0.0;0.0;0.0;0.0;0.0;0.0;0.0;0.0;0.0;0.0;0.0;0.0;0.0;0.0;0.0;0.0;0.0;0.0;0.0;0.0;0.0;0.0;0.0;0.0;0.0;0.0;0.0;0.0;0.0;0.0;0.0;0.0;0.0;0.0;0.0;0.0;0.0;0.0;0.0;0.0;0.0;0.0;0.0;0.0;0.0;0.0;0.0;0.0;0.0;0.0;0.0;0.0;0.0;0.0;0.0;0.0;0.0;0.0;0.0
"152a361bd117663b24702a5a828f5926";1;2020;20222;7;0.875;1710;0.9344262295081968;-0.9344262295081968;-1;27.0;1.0;1.0;0.0;2.0;1.0;0.0;1.0;1.0;0.0;2.0;1.0;0.0;1.0;1.0;0.0;1.0;1.0;0.0;1.0;1.0;0.0;1.0;1.0;0.0;1.0;1.0;0.0;1.0;1.0;0.0;1.0;1.0;0.0;1.0;1.0;0.0;1.0;1.0;0.0;1.0;1.0;0.0;1.0;1.0;0.0;1.0;1.0;0.0;1.0;1.0;0.0;1.0;1.0;0.0;1.0;1.0;0.0;1.0;1.0;0.0;1.0;1.0;0.0;1.0;1.0;0.0;1.0;1.0;0.0;1.0;0.0;0.0;1.0;1.0;0.0;0.0;0.0;0.0;0.0;0.0;0.0;0.0;0.0;0.0;0.0;0.0;0.0
"15f19e10640088803b6405ce59ee945b";1;2021;20222;4;0.5;1170;0.639344262295082;-0.639344262295082;-1;18.0;1.0;1.0;0.0;1.0;1.0;0.0;1.0;1.0;0.0;1.0;1.0;0.0;1.0;1.0;0.0;1.0;1.0;0.0;1.0;1.0;0.0;1.0;1.0;0.0;1.0;1.0;0.0;1.0;1.0;0.0;1.0;1.0;0.0;1.0;1.0;0.0;1.0;1.0;0.0;1.0;1.0;0.0;1.0;1.0;0.0;1.0;1.0;0.0;1.0;1.0;0.0;1.0;1.0;0.0;0.0;0.0;0.0;0.0;0.0;0.0;0.0;0.0;0.0;0.0;0.0;0.0;0.0;0.0;0.0;0.0;0.0;0.0;0.0;0.0;0.0;0.0;0.0;0.0;0.0;0.0;0.0;0.0;0.0;0.0;0.0;0.0;0.0
"15f82249aba3ec47d6ff24a7bb05d681";0;2021;20222;4;0.5;1230;0.6721311475409836;-0.6721311475409836;-1;19.0;1.0;1.0;0.0;1.0;1.0;0.0;1.0;1.0;0.0;1.0;1.0;0.0;1.0;1.0;0.0;1.0;1.0;0.0;1.0;1.0;0.0;1.0;1.0;0.0;1.0;1.0;0.0;1.0;1.0;0.0;1.0;1.0;0.0;1.0;1.0;0.0;1.0;1.0;0.0;1.0;1.0;0.0;1.0;1.0;0.0;1.0;1.0;0.0;1.0;1.0;0.0;1.0;1.0;0.0;0.0;0.0;0.0;0.0;0.0;0.0;0.0;0.0;0.0;0.0;0.0;0.0;0.0;0.0;0.0;0.0;0.0;0.0;0.0;0.0;0.0;0.0;0.0;0.0;0.0;0.0;0.0;0.0;0.0;0.0;1.0;1.0;0.0
"166d51d863484581be101d0480eb3322";1;2021;20222;4;0.5;870;0.47540983606557374;-0.47540983606557374;-1;13.0;1.0;1.0;0.0;1.0;1.0;0.0;1.0;1.0;0.0;1.0;1.0;0.0;1.0;1.0;0.0;2.0;0.0;1.0;1.0;0.0;0.0;1.0;1.0;0.0;0.0;0.0;0.0;0.0;0.0;0.0;0.0;0.0;0.0;1.0;0.0;1.0;1.0;1.0;0.0;0.0;0.0;0.0;1.0;0.0;1.0;1.0;0.0;1.0;0.0;0.0;0.0;0.0;0.0;0.0;0.0;0.0;0.0;0.0;0.0;0.0;0.0;0.0;0.0;0.0;0.0;0.0;0.0;0.0;0.0;0.0;0.0;0.0;0.0;0.0;0.0;0.0;0.0;0.0;0.0;0.0;0.0;0.0;0.0;0.0;0.0;0.0;0.0
"1c0868417581a67e253d6b1501b18bd1";1;2022;20222;2;0.25;540;0.29508196721311475;-0.29508196721311475;-1;8.0;1.0;1.0;0.0;1.0;1.0;0.0;1.0;1.0;0.0;1.0;1.0;0.0;1.0;1.0;0.0;1.0;1.0;0.0;1.0;1.0;0.0;1.0;1.0;0.0;0.0;0.0;0.0;0.0;0.0;0.0;0.0;0.0;0.0;0.0;0.0;0.0;0.0;0.0;0.0;0.0;0.0;0.0;0.0;0.0;0.0;0.0;0.0;0.0;0.0;0.0;0.0;0.0;0.0;0.0;0.0;0.0;0.0;0.0;0.0;0.0;0.0;0.0;0.0;0.0;0.0;0.0;0.0;0.0;0.0;0.0;0.0;0.0;0.0;0.0;0.0;0.0;0.0;0.0;0.0;0.0;0.0;0.0;0.0;0.0;0.0;0.0;0.0
"1d8f0943d707d469d8f1e7f8d0cf58af";1;2021;20222;4;0.5;1080;0.5901639344262295;-0.5901639344262295;-1;16.0;1.0;1.0;0.0;1.0;1.0;0.0;1.0;1.0;0.0;1.0;1.0;0.0;1.0;1.0;0.0;2.0;1.0;0.0;1.0;0.0;0.0;2.0;1.0;0.0;0.0;0.0;0.0;1.0;0.0;0.0;1.0;1.0;0.0;1.0;1.0;0.0;0.0;0.0;0.0;0.0;0.0;0.0;1.0;0.0;1.0;1.0;0.0;0.0;0.0;0.0;0.0;0.0;0.0;0.0;0.0;0.0;0.0;0.0;0.0;0.0;0.0;0.0;0.0;0.0;0.0;0.0;0.0;0.0;0.0;0.0;0.0;0.0;0.0;0.0;0.0;0.0;0.0;0.0;0.0;0.0;0.0;0.0;0.0;0.0;1.0;1.0;0.0
"1f8c622b712dcd0ba95f9034b8075d42";1;2022;20222;2;0.25;540;0.29508196721311475;-0.29508196721311475;-1;8.0;1.0;1.0;0.0;1.0;1.0;0.0;1.0;1.0;0.0;1.0;1.0;0.0;1.0;1.0;0.0;1.0;1.0;0.0;1.0;1.0;0.0;1.0;1.0;0.0;0.0;0.0;0.0;0.0;0.0;0.0;0.0;0.0;0.0;0.0;0.0;0.0;0.0;0.0;0.0;0.0;0.0;0.0;0.0;0.0;0.0;0.0;0.0;0.0;0.0;0.0;0.0;0.0;0.0;0.0;0.0;0.0;0.0;0.0;0.0;0.0;0.0;0.0;0.0;0.0;0.0;0.0;0.0;0.0;0.0;0.0;0.0;0.0;0.0;0.0;0.0;0.0;0.0;0.0;0.0;0.0;0.0;0.0;0.0;0.0;0.0;0.0;0.0
"210894fea683558877263e0b1fbe7d74";0;2021;20212;2;0.25;480;0.26229508196721313;-0.26229508196721313;-1;7.0;1.0;1.0;0.0;1.0;0.0;0.0;1.0;0.0;0.0;1.0;1.0;0.0;1.0;1.0;0.0;1.0;0.0;1.0;0.0;0.0;0.0;1.0;1.0;0.0;0.0;0.0;0.0;0.0;0.0;0.0;0.0;0.0;0.0;0.0;0.0;0.0;0.0;0.0;0.0;0.0;0.0;0.0;0.0;0.0;0.0;0.0;0.0;0.0;0.0;0.0;0.0;0.0;0.0;0.0;0.0;0.0;0.0;0.0;0.0;0.0;0.0;0.0;0.0;0.0;0.0;0.0;0.0;0.0;0.0;0.0;0.0;0.0;0.0;0.0;0.0;0.0;0.0;0.0;0.0;0.0;0.0;0.0;0.0;0.0;0.0;0.0;0.0
"22257466cbca190faa18eacab79d5686";1;2017;20212;11;1.375;2220;1.2131147540983607;-1.2131147540983607;-1;35.0;1.0;1.0;0.0;1.0;1.0;0.0;3.0;1.0;1.0;1.0;1.0;0.0;1.0;1.0;0.0;1.0;1.0;0.0;1.0;1.0;0.0;1.0;1.0;0.0;1.0;1.0;0.0;2.0;1.0;0.0;1.0;1.0;0.0;1.0;1.0;0.0;1.0;1.0;0.0;1.0;1.0;0.0;3.0;1.0;1.0;1.0;1.0;0.0;1.0;1.0;0.0;1.0;1.0;0.0;1.0;1.0;0.0;1.0;1.0;0.0;1.0;1.0;0.0;1.0;1.0;0.0;1.0;1.0;0.0;1.0;1.0;0.0;1.0;1.0;0.0;1.0;1.0;0.0;1.0;1.0;0.0;2.0;1.0;0.0;1.0;1.0;0.0
"22f4aed4a073c5e9515a8669e9c102f3";1;2019;20222;8;1.0;1620;0.8852459016393442;-0.8852459016393442;-1;26.0;1.0;1.0;0.0;1.0;1.0;0.0;1.0;0.0;0.0;1.0;1.0;0.0;1.0;1.0;0.0;0.0;0.0;0.0;0.0;0.0;0.0;0.0;0.0;0.0;2.0;1.0;0.0;1.0;1.0;0.0;0.0;0.0;0.0;2.0;1.0;0.0;1.0;1.0;0.0;1.0;1.0;0.0;1.0;1.0;0.0;0.0;0.0;0.0;1.0;1.0;0.0;1.0;1.0;0.0;1.0;1.0;0.0;1.0;1.0;0.0;1.0;1.0;0.0;2.0;1.0;1.0;1.0;1.0;0.0;0.0;0.0;0.0;0.0;0.0;0.0;2.0;1.0;1.0;0.0;0.0;0.0;2.0;0.0;2.0;1.0;1.0;0.0
"24c31dd1589dbd9b2adc4330804efea8";1;2021;20222;4;0.5;1170;0.639344262295082;-0.639344262295082;-1;18.0;1.0;1.0;0.0;1.0;1.0;0.0;1.0;1.0;0.0;1.0;1.0;0.0;1.0;1.0;0.0;1.0;1.0;0.0;1.0;1.0;0.0;1.0;1.0;0.0;1.0;1.0;0.0;1.0;1.0;0.0;1.0;1.0;0.0;1.0;1.0;0.0;1.0;1.0;0.0;1.0;1.0;0.0;1.0;1.0;0.0;1.0;1.0;0.0;1.0;1.0;0.0;1.0;1.0;0.0;0.0;0.0;0.0;0.0;0.0;0.0;0.0;0.0;0.0;0.0;0.0;0.0;0.0;0.0;0.0;0.0;0.0;0.0;0.0;0.0;0.0;0.0;0.0;0.0;0.0;0.0;0.0;0.0;0.0;0.0;0.0;0.0;0.0
"24f7af64d251c007cd8a2bc37f36fba1";1;2020;20221;6;0.75;1560;0.8524590163934426;-0.8524590163934426;-1;24.0;1.0;1.0;0.0;2.0;1.0;0.0;1.0;1.0;0.0;2.0;1.0;0.0;1.0;1.0;0.0;2.0;1.0;1.0;2.0;1.0;1.0;2.0;1.0;1.0;0.0;0.0;0.0;1.0;0.0;0.0;2.0;0.0;1.0;2.0;0.0;1.0;1.0;0.0;0.0;0.0;0.0;0.0;2.0;0.0;1.0;1.0;0.0;0.0;0.0;0.0;0.0;0.0;0.0;0.0;0.0;0.0;0.0;0.0;0.0;0.0;0.0;0.0;0.0;0.0;0.0;0.0;0.0;0.0;0.0;0.0;0.0;0.0;0.0;0.0;0.0;0.0;0.0;0.0;1.0;0.0;0.0;0.0;0.0;0.0;1.0;1.0;0.0
"2c8d39a514940df8e27b1deb5e5401c2";1;2018;20222;11;1.375;2370;1.2950819672131149;-1.2950819672131149;-1;38.0;1.0;1.0;0.0;2.0;1.0;1.0;6.0;1.0;2.0;1.0;1.0;0.0;1.0;1.0;0.0;1.0;1.0;0.0;0.0;0.0;0.0;1.0;1.0;0.0;3.0;1.0;1.0;1.0;0.0;1.0;2.0;1.0;0.0;1.0;1.0;0.0;1.0;1.0;0.0;5.0;1.0;2.0;3.0;1.0;2.0;1.0;1.0;0.0;1.0;1.0;0.0;1.0;1.0;0.0;0.0;0.0;0.0;1.0;1.0;0.0;2.0;0.0;1.0;0.0;0.0;0.0;1.0;1.0;0.0;1.0;0.0;0.0;0.0;0.0;0.0;0.0;0.0;0.0;1.0;1.0;0.0;0.0;0.0;0.0;0.0;0.0;0.0
"2e30632295fc7457e0b0e29437b23597";1;2021;20222;4;0.5;1230;0.6721311475409836;-0.6721311475409836;-1;19.0;1.0;1.0;0.0;1.0;1.0;0.0;1.0;1.0;0.0;1.0;1.0;0.0;1.0;1.0;0.0;1.0;1.0;0.0;1.0;1.0;0.0;1.0;1.0;0.0;1.0;1.0;0.0;1.0;1.0;0.0;1.0;1.0;0.0;1.0;1.0;0.0;1.0;1.0;0.0;1.0;1.0;0.0;1.0;1.0;0.0;1.0;1.0;0.0;1.0;1.0;0.0;1.0;1.0;0.0;0.0;0.0;0.0;0.0;0.0;0.0;0.0;0.0;0.0;0.0;0.0;0.0;0.0;0.0;0.0;0.0;0.0;0.0;0.0;0.0;0.0;0.0;0.0;0.0;0.0;0.0;0.0;0.0;0.0;0.0;1.0;1.0;0.0
"2e5d7a005056e0e9e57f90d187a3f5e7";1;2021;20222;4;0.5;1020;0.5573770491803278;-0.5573770491803278;-1;15.0;1.0;1.0;0.0;1.0;1.0;0.0;1.0;1.0;0.0;1.0;1.0;0.0;1.0;1.0;0.0;3.0;0.0;2.0;2.0;0.0;2.0;2.0;1.0;1.0;0.0;0.0;0.0;0.0;0.0;0.0;1.0;0.0;1.0;1.0;0.0;1.0;0.0;0.0;0.0;0.0;0.0;0.0;1.0;0.0;1.0;0.0;0.0;0.0;0.0;0.0;0.0;0.0;0.0;0.0;0.0;0.0;0.0;0.0;0.0;0.0;0.0;0.0;0.0;0.0;0.0;0.0;0.0;0.0;0.0;0.0;0.0;0.0;0.0;0.0;0.0;0.0;0.0;0.0;0.0;0.0;0.0;0.0;0.0;0.0;0.0;0.0;0.0
"2f1be920eca7e0e9811728f8b5036b24";1;2022;20222;2;0.25;540;0.29508196721311475;-0.29508196721311475;-1;8.0;1.0;1.0;0.0;1.0;1.0;0.0;1.0;1.0;0.0;1.0;1.0;0.0;1.0;1.0;0.0;1.0;1.0;0.0;1.0;1.0;0.0;1.0;1.0;0.0;0.0;0.0;0.0;0.0;0.0;0.0;0.0;0.0;0.0;0.0;0.0;0.0;0.0;0.0;0.0;0.0;0.0;0.0;0.0;0.0;0.0;0.0;0.0;0.0;0.0;0.0;0.0;0.0;0.0;0.0;0.0;0.0;0.0;0.0;0.0;0.0;0.0;0.0;0.0;0.0;0.0;0.0;0.0;0.0;0.0;0.0;0.0;0.0;0.0;0.0;0.0;0.0;0.0;0.0;0.0;0.0;0.0;0.0;0.0;0.0;0.0;0.0;0.0
"32f2511bda1843e8951fd7f32f3d2a67";1;2022;20222;2;0.25;600;0.32786885245901637;-0.32786885245901637;-1;9.0;1.0;1.0;0.0;2.0;0.0;1.0;1.0;1.0;0.0;1.0;0.0;1.0;1.0;1.0;0.0;1.0;0.0;1.0;1.0;0.0;1.0;1.0;0.0;1.0;0.0;0.0;0.0;0.0;0.0;0.0;0.0;0.0;0.0;0.0;0.0;0.0;0.0;0.0;0.0;0.0;0.0;0.0;0.0;0.0;0.0;0.0;0.0;0.0;0.0;0.0;0.0;0.0;0.0;0.0;0.0;0.0;0.0;0.0;0.0;0.0;0.0;0.0;0.0;0.0;0.0;0.0;0.0;0.0;0.0;0.0;0.0;0.0;0.0;0.0;0.0;0.0;0.0;0.0;0.0;0.0;0.0;0.0;0.0;0.0;0.0;0.0;0.0
"331893fdbda9db865e56e3a4f194d7da";1;2022;20222;2;0.25;540;0.29508196721311475;-0.29508196721311475;-1;8.0;1.0;1.0;0.0;1.0;1.0;0.0;1.0;1.0;0.0;1.0;1.0;0.0;1.0;1.0;0.0;1.0;0.0;1.0;1.0;1.0;0.0;1.0;1.0;0.0;0.0;0.0;0.0;0.0;0.0;0.0;0.0;0.0;0.0;0.0;0.0;0.0;0.0;0.0;0.0;0.0;0.0;0.0;0.0;0.0;0.0;0.0;0.0;0.0;0.0;0.0;0.0;0.0;0.0;0.0;0.0;0.0;0.0;0.0;0.0;0.0;0.0;0.0;0.0;0.0;0.0;0.0;0.0;0.0;0.0;0.0;0.0;0.0;0.0;0.0;0.0;0.0;0.0;0.0;0.0;0.0;0.0;0.0;0.0;0.0;0.0;0.0;0.0
"341a9f324d3983da8098f18c88496d62";1;2021;20222;4;0.5;1170;0.639344262295082;-0.639344262295082;-1;18.0;1.0;1.0;0.0;1.0;1.0;0.0;1.0;1.0;0.0;1.0;1.0;0.0;1.0;1.0;0.0;1.0;1.0;0.0;1.0;1.0;0.0;1.0;1.0;0.0;1.0;1.0;0.0;1.0;1.0;0.0;1.0;1.0;0.0;1.0;1.0;0.0;1.0;1.0;0.0;1.0;1.0;0.0;1.0;1.0;0.0;1.0;1.0;0.0;1.0;1.0;0.0;1.0;1.0;0.0;0.0;0.0;0.0;0.0;0.0;0.0;0.0;0.0;0.0;0.0;0.0;0.0;0.0;0.0;0.0;0.0;0.0;0.0;0.0;0.0;0.0;0.0;0.0;0.0;0.0;0.0;0.0;0.0;0.0;0.0;0.0;0.0;0.0
"3642dee7271e0c5b718663f6623e2ce9";1;2017;20211;10;1.25;2160;1.180327868852459;-1.180327868852459;-1;34.0;1.0;1.0;0.0;1.0;1.0;0.0;3.0;1.0;2.0;1.0;1.0;0.0;1.0;1.0;0.0;1.0;1.0;0.0;0.0;0.0;0.0;1.0;1.0;0.0;1.0;1.0;0.0;2.0;1.0;1.0;1.0;1.0;0.0;1.0;1.0;0.0;1.0;1.0;0.0;1.0;1.0;0.0;2.0;1.0;1.0;2.0;1.0;0.0;1.0;1.0;0.0;1.0;1.0;0.0;1.0;1.0;0.0;1.0;1.0;0.0;1.0;1.0;0.0;1.0;1.0;0.0;1.0;1.0;0.0;1.0;1.0;0.0;1.0;1.0;0.0;1.0;1.0;0.0;1.0;1.0;0.0;2.0;1.0;0.0;1.0;1.0;0.0
"367b27f3ac333007611ee504054ecab8";0;2019;20222;7;0.875;1260;0.6885245901639344;-0.6885245901639344;-1;20.0;1.0;0.0;0.0;1.0;0.0;0.0;7.0;1.0;2.0;1.0;0.0;0.0;1.0;0.0;0.0;0.0;0.0;0.0;0.0;0.0;0.0;0.0;0.0;0.0;0.0;0.0;0.0;1.0;1.0;0.0;0.0;0.0;0.0;0.0;0.0;0.0;0.0;0.0;0.0;0.0;0.0;0.0;0.0;0.0;0.0;2.0;0.0;0.0;0.0;0.0;0.0;0.0;0.0;0.0;1.0;1.0;0.0;3.0;0.0;1.0;0.0;0.0;0.0;0.0;0.0;0.0;0.0;0.0;0.0;0.0;0.0;0.0;0.0;0.0;0.0;1.0;1.0;0.0;1.0;1.0;0.0;0.0;0.0;0.0;0.0;0.0;0.0
"370b45eb60f1e8029b0f9b4296e109ad";1;2018;20221;8;1.0;1830;1.0;-1.0;-1;29.0;1.0;1.0;0.0;1.0;1.0;0.0;1.0;1.0;0.0;1.0;1.0;0.0;1.0;1.0;0.0;1.0;1.0;0.0;1.0;1.0;0.0;1.0;1.0;0.0;1.0;1.0;0.0;1.0;1.0;0.0;1.0;1.0;0.0;1.0;1.0;0.0;1.0;1.0;0.0;1.0;1.0;0.0;1.0;1.0;0.0;1.0;1.0;0.0;1.0;1.0;0.0;1.0;1.0;0.0;1.0;1.0;0.0;1.0;1.0;0.0;1.0;1.0;0.0;2.0;1.0;0.0;1.0;1.0;0.0;1.0;1.0;0.0;1.0;1.0;0.0;1.0;1.0;0.0;1.0;1.0;0.0;1.0;1.0;0.0;0.0;0.0;0.0
"37db2c2f52b1cfd1d1f5da53cf145260";1;2014;20171;7;0.875;2370;1.2950819672131149;-1.2950819672131149;-1;37.0;1.0;1.0;0.0;1.0;1.0;0.0;1.0;1.0;0.0;1.0;1.0;0.0;1.0;1.0;0.0;2.0;1.0;0.0;2.0;1.0;0.0;2.0;1.0;0.0;2.0;1.0;0.0;2.0;1.0;0.0;2.0;1.0;0.0;2.0;1.0;0.0;2.0;1.0;0.0;1.0;1.0;0.0;1.0;1.0;0.0;1.0;1.0;0.0;1.0;1.0;0.0;1.0;1.0;0.0;1.0;1.0;0.0;1.0;1.0;0.0;1.0;1.0;0.0;1.0;1.0;0.0;1.0;1.0;0.0;1.0;1.0;0.0;1.0;1.0;0.0;1.0;1.0;0.0;1.0;1.0;0.0;1.0;1.0;0.0;1.0;1.0;0.0
"3c1b2d105664b142813b0f46c9224c39";1;2017;20222;11;1.375;2520;1.3770491803278688;-1.3770491803278688;-1;40.0;1.0;1.0;0.0;1.0;1.0;0.0;3.0;1.0;1.0;1.0;1.0;0.0;1.0;1.0;0.0;1.0;1.0;0.0;1.0;0.0;1.0;1.0;1.0;0.0;1.0;1.0;0.0;2.0;0.0;0.0;3.0;0.0;0.0;1.0;1.0;0.0;1.0;1.0;0.0;1.0;1.0;0.0;3.0;0.0;2.0;3.0;1.0;1.0;1.0;1.0;0.0;1.0;1.0;0.0;1.0;1.0;0.0;0.0;0.0;0.0;1.0;1.0;0.0;1.0;1.0;0.0;0.0;0.0;0.0;0.0;0.0;0.0;1.0;1.0;0.0;1.0;1.0;0.0;3.0;0.0;2.0;4.0;0.0;1.0;1.0;1.0;0.0
"3deb093f5fdbb7a0abaa7850568cc00a";1;2022;20222;2;0.25;600;0.32786885245901637;-0.32786885245901637;-1;9.0;1.0;1.0;0.0;2.0;1.0;1.0;1.0;1.0;0.0;1.0;1.0;0.0;1.0;1.0;0.0;1.0;1.0;0.0;1.0;0.0;1.0;1.0;1.0;0.0;0.0;0.0;0.0;0.0;0.0;0.0;0.0;0.0;0.0;0.0;0.0;0.0;0.0;0.0;0.0;0.0;0.0;0.0;0.0;0.0;0.0;0.0;0.0;0.0;0.0;0.0;0.0;0.0;0.0;0.0;0.0;0.0;0.0;0.0;0.0;0.0;0.0;0.0;0.0;0.0;0.0;0.0;0.0;0.0;0.0;0.0;0.0;0.0;0.0;0.0;0.0;0.0;0.0;0.0;0.0;0.0;0.0;0.0;0.0;0.0;0.0;0.0;0.0
"3e8c25ee19b8d7685fe0ce4b09ffd7fa";1;2022;20222;2;0.25;540;0.29508196721311475;-0.29508196721311475;-1;8.0;1.0;1.0;0.0;1.0;0.0;1.0;1.0;0.0;1.0;1.0;1.0;0.0;1.0;1.0;0.0;1.0;1.0;0.0;1.0;0.0;1.0;1.0;1.0;0.0;0.0;0.0;0.0;0.0;0.0;0.0;0.0;0.0;0.0;0.0;0.0;0.0;0.0;0.0;0.0;0.0;0.0;0.0;0.0;0.0;0.0;0.0;0.0;0.0;0.0;0.0;0.0;0.0;0.0;0.0;0.0;0.0;0.0;0.0;0.0;0.0;0.0;0.0;0.0;0.0;0.0;0.0;0.0;0.0;0.0;0.0;0.0;0.0;0.0;0.0;0.0;0.0;0.0;0.0;0.0;0.0;0.0;0.0;0.0;0.0;0.0;0.0;0.0
"434b371f542ddf08371c392d505da65f";1;2021;20222;4;0.5;870;0.47540983606557374;-0.47540983606557374;-1;13.0;1.0;1.0;0.0;3.0;0.0;2.0;1.0;1.0;0.0;1.0;1.0;0.0;1.0;1.0;0.0;2.0;1.0;1.0;1.0;0.0;1.0;1.0;0.0;1.0;0.0;0.0;0.0;0.0;0.0;0.0;0.0;0.0;0.0;1.0;0.0;1.0;0.0;0.0;0.0;0.0;0.0;0.0;0.0;0.0;0.0;1.0;0.0;1.0;0.0;0.0;0.0;0.0;0.0;0.0;0.0;0.0;0.0;0.0;0.0;0.0;0.0;0.0;0.0;0.0;0.0;0.0;0.0;0.0;0.0;0.0;0.0;0.0;0.0;0.0;0.0;0.0;0.0;0.0;0.0;0.0;0.0;0.0;0.0;0.0;0.0;0.0;0.0
"440580bb197ec20e227bc5e626cef9cc";1;2019;20222;10;1.25;2250;1.2295081967213115;-1.2295081967213115;-1;35.0;1.0;1.0;0.0;2.0;1.0;1.0;1.0;1.0;0.0;1.0;1.0;0.0;1.0;1.0;0.0;1.0;1.0;0.0;1.0;0.0;1.0;2.0;1.0;0.0;2.0;1.0;0.0;3.0;1.0;0.0;2.0;0.0;1.0;2.0;1.0;0.0;1.0;1.0;0.0;1.0;1.0;0.0;1.0;1.0;0.0;1.0;1.0;0.0;1.0;1.0;0.0;1.0;1.0;0.0;1.0;1.0;0.0;1.0;1.0;0.0;1.0;0.0;1.0;2.0;1.0;1.0;2.0;1.0;1.0;1.0;0.0;1.0;1.0;1.0;0.0;0.0;0.0;0.0;0.0;0.0;0.0;0.0;0.0;0.0;1.0;1.0;0.0
"46a73ad2d7ce85f4ab36667e7b7bb8e1";1;2018;20212;9;1.125;1950;1.0655737704918034;-1.0655737704918034;-1;31.0;1.0;1.0;0.0;1.0;1.0;0.0;1.0;1.0;0.0;1.0;1.0;0.0;1.0;1.0;0.0;1.0;1.0;0.0;1.0;1.0;0.0;1.0;1.0;0.0;1.0;1.0;0.0;1.0;1.0;0.0;1.0;1.0;0.0;1.0;1.0;0.0;1.0;1.0;0.0;1.0;1.0;0.0;2.0;1.0;1.0;1.0;1.0;0.0;1.0;1.0;0.0;1.0;1.0;0.0;1.0;1.0;0.0;1.0;1.0;0.0;1.0;1.0;0.0;2.0;1.0;0.0;1.0;1.0;0.0;1.0;1.0;0.0;1.0;1.0;0.0;1.0;1.0;0.0;1.0;1.0;0.0;1.0;1.0;0.0;1.0;1.0;0.0
"48076cce537275f1dad7c330932a0482";1;2022;20222;2;0.25;540;0.29508196721311475;-0.29508196721311475;-1;8.0;1.0;1.0;0.0;1.0;1.0;0.0;1.0;1.0;0.0;1.0;1.0;0.0;1.0;1.0;0.0;1.0;1.0;0.0;1.0;1.0;0.0;1.0;1.0;0.0;0.0;0.0;0.0;0.0;0.0;0.0;0.0;0.0;0.0;0.0;0.0;0.0;0.0;0.0;0.0;0.0;0.0;0.0;0.0;0.0;0.0;0.0;0.0;0.0;0.0;0.0;0.0;0.0;0.0;0.0;0.0;0.0;0.0;0.0;0.0;0.0;0.0;0.0;0.0;0.0;0.0;0.0;0.0;0.0;0.0;0.0;0.0;0.0;0.0;0.0;0.0;0.0;0.0;0.0;0.0;0.0;0.0;0.0;0.0;0.0;0.0;0.0;0.0
"4902f30e9b184e0174b50e34a4ec10ca";1;2022;20222;2;0.25;600;0.32786885245901637;-0.32786885245901637;-1;9.0;1.0;1.0;0.0;2.0;0.0;2.0;1.0;1.0;0.0;1.0;0.0;1.0;1.0;1.0;0.0;1.0;1.0;0.0;1.0;0.0;1.0;1.0;1.0;0.0;0.0;0.0;0.0;0.0;0.0;0.0;0.0;0.0;0.0;0.0;0.0;0.0;0.0;0.0;0.0;0.0;0.0;0.0;0.0;0.0;0.0;0.0;0.0;0.0;0.0;0.0;0.0;0.0;0.0;0.0;0.0;0.0;0.0;0.0;0.0;0.0;0.0;0.0;0.0;0.0;0.0;0.0;0.0;0.0;0.0;0.0;0.0;0.0;0.0;0.0;0.0;0.0;0.0;0.0;0.0;0.0;0.0;0.0;0.0;0.0;0.0;0.0;0.0
"4942b4781151848d25a9db9e1f4f857a";0;2019;20222;9;1.125;2070;1.1311475409836065;-1.1311475409836065;-1;32.0;1.0;1.0;0.0;2.0;1.0;1.0;1.0;1.0;0.0;1.0;1.0;0.0;1.0;1.0;0.0;3.0;1.0;1.0;1.0;1.0;0.0;1.0;1.0;0.0;2.0;1.0;1.0;1.0;1.0;0.0;3.0;0.0;1.0;2.0;1.0;0.0;1.0;1.0;0.0;1.0;1.0;0.0;3.0;1.0;1.0;1.0;1.0;0.0;1.0;1.0;0.0;2.0;1.0;0.0;1.0;1.0;0.0;0.0;0.0;0.0;0.0;0.0;0.0;0.0;0.0;0.0;0.0;0.0;0.0;0.0;0.0;0.0;0.0;0.0;0.0;0.0;0.0;0.0;2.0;1.0;0.0;0.0;0.0;0.0;1.0;1.0;0.0
"4e7202eda112e069fbf432372c658a84";1;2019;20222;8;1.0;1740;0.9508196721311475;-0.9508196721311475;-1;28.0;1.0;0.0;0.0;1.0;0.0;0.0;1.0;0.0;0.0;1.0;0.0;0.0;1.0;0.0;0.0;1.0;1.0;0.0;0.0;0.0;0.0;0.0;0.0;0.0;1.0;1.0;0.0;0.0;0.0;0.0;5.0;0.0;2.0;1.0;1.0;0.0;0.0;0.0;0.0;2.0;1.0;0.0;3.0;0.0;2.0;1.0;1.0;0.0;4.0;1.0;2.0;1.0;0.0;0.0;2.0;0.0;1.0;0.0;0.0;0.0;0.0;0.0;0.0;0.0;0.0;0.0;0.0;0.0;0.0;0.0;0.0;0.0;0.0;0.0;0.0;0.0;0.0;0.0;1.0;1.0;0.0;0.0;0.0;0.0;1.0;1.0;0.0
"4f1dcb1281d33a66464b6dd3865506c4";1;2021;20222;4;0.5;720;0.39344262295081966;-0.39344262295081966;-1;11.0;1.0;1.0;0.0;1.0;1.0;0.0;1.0;1.0;0.0;1.0;1.0;0.0;1.0;1.0;0.0;1.0;0.0;1.0;1.0;1.0;0.0;1.0;1.0;0.0;0.0;0.0;0.0;0.0;0.0;0.0;1.0;0.0;1.0;0.0;0.0;0.0;1.0;1.0;0.0;0.0;0.0;0.0;0.0;0.0;0.0;1.0;0.0;1.0;0.0;0.0;0.0;0.0;0.0;0.0;0.0;0.0;0.0;0.0;0.0;0.0;0.0;0.0;0.0;0.0;0.0;0.0;0.0;0.0;0.0;0.0;0.0;0.0;0.0;0.0;0.0;0.0;0.0;0.0;0.0;0.0;0.0;0.0;0.0;0.0;0.0;0.0;0.0
"51bb1d3bd859176994a8090a87865596";1;2022;20222;2;0.25;600;0.32786885245901637;-0.32786885245901637;-1;9.0;1.0;1.0;0.0;2.0;1.0;1.0;1.0;1.0;0.0;1.0;1.0;0.0;1.0;1.0;0.0;1.0;1.0;0.0;1.0;1.0;0.0;1.0;1.0;0.0;0.0;0.0;0.0;0.0;0.0;0.0;0.0;0.0;0.0;0.0;0.0;0.0;0.0;0.0;0.0;0.0;0.0;0.0;0.0;0.0;0.0;0.0;0.0;0.0;0.0;0.0;0.0;0.0;0.0;0.0;0.0;0.0;0.0;0.0;0.0;0.0;0.0;0.0;0.0;0.0;0.0;0.0;0.0;0.0;0.0;0.0;0.0;0.0;0.0;0.0;0.0;0.0;0.0;0.0;0.0;0.0;0.0;0.0;0.0;0.0;0.0;0.0;0.0
"51f139ce44b41062efd57e181a7502c9";1;2021;20222;4;0.5;1230;0.6721311475409836;-0.6721311475409836;-1;19.0;1.0;1.0;0.0;1.0;1.0;0.0;1.0;1.0;0.0;1.0;1.0;0.0;1.0;1.0;0.0;1.0;1.0;0.0;1.0;1.0;0.0;1.0;1.0;0.0;1.0;1.0;0.0;1.0;1.0;0.0;1.0;1.0;0.0;1.0;1.0;0.0;1.0;1.0;0.0;1.0;1.0;0.0;1.0;1.0;0.0;1.0;1.0;0.0;1.0;1.0;0.0;1.0;1.0;0.0;0.0;0.0;0.0;0.0;0.0;0.0;0.0;0.0;0.0;0.0;0.0;0.0;0.0;0.0;0.0;0.0;0.0;0.0;0.0;0.0;0.0;0.0;0.0;0.0;0.0;0.0;0.0;0.0;0.0;0.0;1.0;1.0;0.0
"534ec5251ba8e34cc41030179949d9d4";1;2022;20222;2;0.25;540;0.29508196721311475;-0.29508196721311475;-1;8.0;1.0;1.0;0.0;1.0;1.0;0.0;1.0;1.0;0.0;1.0;1.0;0.0;1.0;1.0;0.0;1.0;0.0;1.0;1.0;0.0;1.0;1.0;0.0;1.0;0.0;0.0;0.0;0.0;0.0;0.0;0.0;0.0;0.0;0.0;0.0;0.0;0.0;0.0;0.0;0.0;0.0;0.0;0.0;0.0;0.0;0.0;0.0;0.0;0.0;0.0;0.0;0.0;0.0;0.0;0.0;0.0;0.0;0.0;0.0;0.0;0.0;0.0;0.0;0.0;0.0;0.0;0.0;0.0;0.0;0.0;0.0;0.0;0.0;0.0;0.0;0.0;0.0;0.0;0.0;0.0;0.0;0.0;0.0;0.0;0.0;0.0;0.0
"5381ea3ff2e86f3f9985da4580304d04";1;2021;20222;4;0.5;1170;0.639344262295082;-0.639344262295082;-1;18.0;1.0;1.0;0.0;1.0;1.0;0.0;1.0;1.0;0.0;1.0;1.0;0.0;1.0;1.0;0.0;1.0;1.0;0.0;1.0;1.0;0.0;1.0;1.0;0.0;1.0;1.0;0.0;1.0;1.0;0.0;1.0;1.0;0.0;1.0;1.0;0.0;1.0;1.0;0.0;1.0;1.0;0.0;1.0;1.0;0.0;1.0;1.0;0.0;1.0;1.0;0.0;1.0;1.0;0.0;0.0;0.0;0.0;0.0;0.0;0.0;0.0;0.0;0.0;0.0;0.0;0.0;0.0;0.0;0.0;0.0;0.0;0.0;0.0;0.0;0.0;0.0;0.0;0.0;0.0;0.0;0.0;0.0;0.0;0.0;0.0;0.0;0.0
"551e1e2ed9eb3dc105b44ca247585c60";1;2022;20222;2;0.25;600;0.32786885245901637;-0.32786885245901637;-1;9.0;1.0;1.0;0.0;2.0;0.0;2.0;1.0;1.0;0.0;1.0;0.0;1.0;1.0;1.0;0.0;1.0;1.0;0.0;1.0;0.0;0.0;1.0;1.0;0.0;0.0;0.0;0.0;0.0;0.0;0.0;0.0;0.0;0.0;0.0;0.0;0.0;0.0;0.0;0.0;0.0;0.0;0.0;0.0;0.0;0.0;0.0;0.0;0.0;0.0;0.0;0.0;0.0;0.0;0.0;0.0;0.0;0.0;0.0;0.0;0.0;0.0;0.0;0.0;0.0;0.0;0.0;0.0;0.0;0.0;0.0;0.0;0.0;0.0;0.0;0.0;0.0;0.0;0.0;0.0;0.0;0.0;0.0;0.0;0.0;0.0;0.0;0.0
"557ebe968238d15ff80a7dfc99dac005";1;2022;20222;2;0.25;540;0.29508196721311475;-0.29508196721311475;-1;8.0;1.0;1.0;0.0;1.0;1.0;0.0;1.0;1.0;0.0;1.0;1.0;0.0;1.0;1.0;0.0;1.0;1.0;0.0;1.0;0.0;1.0;1.0;1.0;0.0;0.0;0.0;0.0;0.0;0.0;0.0;0.0;0.0;0.0;0.0;0.0;0.0;0.0;0.0;0.0;0.0;0.0;0.0;0.0;0.0;0.0;0.0;0.0;0.0;0.0;0.0;0.0;0.0;0.0;0.0;0.0;0.0;0.0;0.0;0.0;0.0;0.0;0.0;0.0;0.0;0.0;0.0;0.0;0.0;0.0;0.0;0.0;0.0;0.0;0.0;0.0;0.0;0.0;0.0;0.0;0.0;0.0;0.0;0.0;0.0;0.0;0.0;0.0
"56e1f837b6ebe9a0853acc045502cf78";1;2020;20222;7;0.875;1710;0.9344262295081968;-0.9344262295081968;-1;27.0;1.0;1.0;0.0;3.0;1.0;1.0;1.0;0.0;1.0;2.0;1.0;0.0;1.0;1.0;0.0;1.0;1.0;0.0;0.0;0.0;0.0;1.0;1.0;0.0;2.0;1.0;1.0;1.0;0.0;1.0;0.0;0.0;0.0;1.0;1.0;0.0;1.0;1.0;0.0;3.0;1.0;1.0;1.0;1.0;0.0;1.0;1.0;0.0;1.0;1.0;0.0;1.0;1.0;0.0;0.0;0.0;0.0;1.0;1.0;0.0;1.0;1.0;0.0;0.0;0.0;0.0;1.0;1.0;0.0;0.0;0.0;0.0;0.0;0.0;0.0;0.0;0.0;0.0;1.0;0.0;0.0;1.0;1.0;0.0;0.0;0.0;0.0
"56fb9ee788a33f440d7822c53b76a7c8";1;2022;20222;2;0.25;540;0.29508196721311475;-0.29508196721311475;-1;8.0;1.0;1.0;0.0;1.0;1.0;0.0;1.0;1.0;0.0;1.0;1.0;0.0;1.0;1.0;0.0;1.0;1.0;0.0;1.0;1.0;0.0;1.0;1.0;0.0;0.0;0.0;0.0;0.0;0.0;0.0;0.0;0.0;0.0;0.0;0.0;0.0;0.0;0.0;0.0;0.0;0.0;0.0;0.0;0.0;0.0;0.0;0.0;0.0;0.0;0.0;0.0;0.0;0.0;0.0;0.0;0.0;0.0;0.0;0.0;0.0;0.0;0.0;0.0;0.0;0.0;0.0;0.0;0.0;0.0;0.0;0.0;0.0;0.0;0.0;0.0;0.0;0.0;0.0;0.0;0.0;0.0;0.0;0.0;0.0;0.0;0.0;0.0
"5c5feba552c9c6c6f4b37de94796371a";1;2022;20222;2;0.25;540;0.29508196721311475;-0.29508196721311475;-1;8.0;1.0;1.0;0.0;1.0;1.0;0.0;1.0;1.0;0.0;1.0;1.0;0.0;1.0;1.0;0.0;1.0;1.0;0.0;1.0;1.0;0.0;1.0;1.0;0.0;0.0;0.0;0.0;0.0;0.0;0.0;0.0;0.0;0.0;0.0;0.0;0.0;0.0;0.0;0.0;0.0;0.0;0.0;0.0;0.0;0.0;0.0;0.0;0.0;0.0;0.0;0.0;0.0;0.0;0.0;0.0;0.0;0.0;0.0;0.0;0.0;0.0;0.0;0.0;0.0;0.0;0.0;0.0;0.0;0.0;0.0;0.0;0.0;0.0;0.0;0.0;0.0;0.0;0.0;0.0;0.0;0.0;0.0;0.0;0.0;0.0;0.0;0.0
"6114e90096d9111e7acf86e4678304ca";1;2022;20222;2;0.25;540;0.29508196721311475;-0.29508196721311475;-1;8.0;1.0;1.0;0.0;1.0;1.0;0.0;1.0;1.0;0.0;1.0;1.0;0.0;1.0;1.0;0.0;1.0;1.0;0.0;1.0;1.0;0.0;1.0;1.0;0.0;0.0;0.0;0.0;0.0;0.0;0.0;0.0;0.0;0.0;0.0;0.0;0.0;0.0;0.0;0.0;0.0;0.0;0.0;0.0;0.0;0.0;0.0;0.0;0.0;0.0;0.0;0.0;0.0;0.0;0.0;0.0;0.0;0.0;0.0;0.0;0.0;0.0;0.0;0.0;0.0;0.0;0.0;0.0;0.0;0.0;0.0;0.0;0.0;0.0;0.0;0.0;0.0;0.0;0.0;0.0;0.0;0.0;0.0;0.0;0.0;0.0;0.0;0.0
"651043fd3ebf3e304f47ca14e67cb80e";0;2021;20222;4;0.5;1230;0.6721311475409836;-0.6721311475409836;-1;19.0;1.0;1.0;0.0;1.0;1.0;0.0;1.0;1.0;0.0;1.0;1.0;0.0;1.0;1.0;0.0;1.0;1.0;0.0;1.0;1.0;0.0;1.0;1.0;0.0;1.0;1.0;0.0;1.0;1.0;0.0;1.0;1.0;0.0;1.0;1.0;0.0;1.0;1.0;0.0;1.0;1.0;0.0;1.0;0.0;0.0;1.0;1.0;0.0;1.0;1.0;0.0;1.0;1.0;0.0;0.0;0.0;0.0;0.0;0.0;0.0;0.0;0.0;0.0;0.0;0.0;0.0;0.0;0.0;0.0;0.0;0.0;0.0;0.0;0.0;0.0;0.0;0.0;0.0;0.0;0.0;0.0;0.0;0.0;0.0;1.0;1.0;0.0
"6718eafaba1f999b9a0cf49ffae6aa05";1;2017;20181;2;0.25;450;0.2459016393442623;-0.2459016393442623;-1;7.0;1.0;0.0;0.0;1.0;0.0;0.0;1.0;0.0;0.0;1.0;0.0;0.0;1.0;1.0;0.0;0.0;0.0;0.0;0.0;0.0;0.0;0.0;0.0;0.0;0.0;0.0;0.0;0.0;0.0;0.0;0.0;0.0;0.0;0.0;0.0;0.0;0.0;0.0;0.0;0.0;0.0;0.0;0.0;0.0;0.0;0.0;0.0;0.0;0.0;0.0;0.0;0.0;0.0;0.0;0.0;0.0;0.0;0.0;0.0;0.0;0.0;0.0;0.0;0.0;0.0;0.0;0.0;0.0;0.0;0.0;0.0;0.0;0.0;0.0;0.0;1.0;0.0;1.0;0.0;0.0;0.0;0.0;0.0;0.0;1.0;1.0;0.0
"6cc6489f959b751303dd4d700107ab21";0;2018;20212;8;1.0;1710;0.9344262295081968;-0.9344262295081968;-1;27.0;1.0;1.0;0.0;1.0;1.0;0.0;1.0;1.0;0.0;2.0;1.0;1.0;1.0;1.0;0.0;1.0;1.0;0.0;1.0;1.0;0.0;1.0;1.0;0.0;1.0;1.0;0.0;1.0;1.0;0.0;1.0;1.0;0.0;1.0;1.0;0.0;1.0;1.0;0.0;0.0;0.0;0.0;0.0;0.0;0.0;1.0;1.0;0.0;0.0;0.0;0.0;0.0;0.0;0.0;1.0;1.0;0.0;1.0;1.0;0.0;2.0;1.0;1.0;1.0;1.0;0.0;1.0;1.0;0.0;1.0;1.0;0.0;1.0;1.0;0.0;1.0;1.0;0.0;1.0;1.0;0.0;1.0;1.0;0.0;1.0;1.0;0.0
"6d4945deb6fce4048ec3bed86c465993";1;2018;20222;9;1.125;1620;0.8852459016393442;-0.8852459016393442;-1;25.0;1.0;1.0;0.0;2.0;1.0;1.0;1.0;1.0;0.0;3.0;1.0;1.0;1.0;1.0;0.0;3.0;1.0;2.0;0.0;0.0;0.0;1.0;1.0;0.0;2.0;0.0;1.0;0.0;0.0;0.0;2.0;0.0;1.0;1.0;1.0;0.0;1.0;1.0;0.0;0.0;0.0;0.0;3.0;0.0;3.0;1.0;1.0;0.0;1.0;0.0;0.0;0.0;0.0;0.0;0.0;0.0;0.0;0.0;0.0;0.0;0.0;0.0;0.0;0.0;0.0;0.0;0.0;0.0;0.0;0.0;0.0;0.0;0.0;0.0;0.0;0.0;0.0;0.0;1.0;1.0;0.0;0.0;0.0;0.0;1.0;1.0;0.0
"6d710922d70ecfb798b27db65e48f006";1;2021;20222;4;0.5;810;0.4426229508196721;-0.4426229508196721;-1;12.0;1.0;1.0;0.0;1.0;1.0;0.0;1.0;1.0;0.0;1.0;1.0;0.0;1.0;1.0;0.0;2.0;0.0;1.0;1.0;0.0;1.0;2.0;0.0;2.0;0.0;0.0;0.0;0.0;0.0;0.0;1.0;0.0;1.0;1.0;0.0;1.0;0.0;0.0;0.0;0.0;0.0;0.0;0.0;0.0;0.0;0.0;0.0;0.0;0.0;0.0;0.0;0.0;0.0;0.0;0.0;0.0;0.0;0.0;0.0;0.0;0.0;0.0;0.0;0.0;0.0;0.0;0.0;0.0;0.0;0.0;0.0;0.0;0.0;0.0;0.0;0.0;0.0;0.0;0.0;0.0;0.0;0.0;0.0;0.0;0.0;0.0;0.0
"6f56adf33e054354261e6368513551fc";0;2022;20222;2;0.25;600;0.32786885245901637;-0.32786885245901637;-1;9.0;1.0;1.0;0.0;2.0;1.0;1.0;1.0;1.0;0.0;1.0;1.0;0.0;1.0;1.0;0.0;1.0;1.0;0.0;1.0;0.0;1.0;1.0;1.0;0.0;0.0;0.0;0.0;0.0;0.0;0.0;0.0;0.0;0.0;0.0;0.0;0.0;0.0;0.0;0.0;0.0;0.0;0.0;0.0;0.0;0.0;0.0;0.0;0.0;0.0;0.0;0.0;0.0;0.0;0.0;0.0;0.0;0.0;0.0;0.0;0.0;0.0;0.0;0.0;0.0;0.0;0.0;0.0;0.0;0.0;0.0;0.0;0.0;0.0;0.0;0.0;0.0;0.0;0.0;0.0;0.0;0.0;0.0;0.0;0.0;0.0;0.0;0.0
"7055059f870548f35e1e79a7dd3b5a8f";0;2020;20222;7;0.875;1590;0.8688524590163934;-0.8688524590163934;-1;25.0;1.0;1.0;0.0;2.0;1.0;0.0;1.0;1.0;0.0;2.0;1.0;0.0;1.0;1.0;0.0;1.0;1.0;0.0;1.0;1.0;0.0;1.0;1.0;0.0;2.0;1.0;1.0;1.0;1.0;0.0;2.0;1.0;1.0;2.0;1.0;1.0;1.0;1.0;0.0;1.0;1.0;0.0;1.0;1.0;0.0;1.0;1.0;0.0;1.0;1.0;0.0;1.0;1.0;0.0;0.0;0.0;0.0;0.0;0.0;0.0;1.0;1.0;0.0;0.0;0.0;0.0;0.0;0.0;0.0;1.0;0.0;0.0;0.0;0.0;0.0;0.0;0.0;0.0;0.0;0.0;0.0;0.0;0.0;0.0;0.0;0.0;0.0
"7091fb9107ffc6d7e461c3ae96e9e6a6";0;2017;20222;13;1.625;1950;1.0655737704918034;-1.0655737704918034;-1;30.0;3.0;1.0;1.0;1.0;1.0;0.0;2.0;1.0;1.0;1.0;0.0;1.0;1.0;0.0;1.0;1.0;1.0;0.0;1.0;0.0;1.0;1.0;1.0;0.0;1.0;1.0;0.0;1.0;1.0;0.0;1.0;1.0;0.0;1.0;1.0;0.0;1.0;1.0;0.0;2.0;1.0;1.0;1.0;1.0;0.0;1.0;1.0;0.0;1.0;1.0;0.0;1.0;1.0;0.0;1.0;1.0;0.0;1.0;1.0;0.0;1.0;1.0;0.0;1.0;1.0;0.0;1.0;1.0;0.0;0.0;0.0;0.0;0.0;0.0;0.0;0.0;0.0;0.0;2.0;1.0;0.0;1.0;1.0;0.0;0.0;0.0;0.0
"7412ec13a12246429fa73c50e12ba2c6";1;2017;20206;7;0.875;1650;0.9016393442622951;-0.9016393442622951;-1;26.0;1.0;1.0;0.0;1.0;1.0;0.0;2.0;1.0;1.0;1.0;1.0;0.0;1.0;1.0;0.0;1.0;1.0;0.0;0.0;0.0;0.0;1.0;1.0;0.0;1.0;1.0;0.0;1.0;1.0;0.0;0.0;0.0;0.0;1.0;1.0;0.0;1.0;1.0;0.0;1.0;1.0;0.0;1.0;1.0;0.0;0.0;0.0;0.0;1.0;1.0;0.0;1.0;1.0;0.0;1.0;1.0;0.0;1.0;1.0;0.0;1.0;1.0;0.0;1.0;1.0;0.0;0.0;0.0;0.0;0.0;0.0;0.0;0.0;0.0;0.0;1.0;1.0;0.0;2.0;1.0;0.0;2.0;1.0;0.0;1.0;1.0;0.0
"743449a59afb53147db3762856643a73";1;2018;20221;9;1.125;2190;1.1967213114754098;-1.1967213114754098;-1;34.0;1.0;1.0;0.0;1.0;1.0;0.0;1.0;1.0;0.0;1.0;1.0;0.0;1.0;1.0;0.0;1.0;1.0;0.0;1.0;1.0;0.0;1.0;1.0;0.0;1.0;1.0;0.0;3.0;1.0;2.0;1.0;1.0;0.0;1.0;1.0;0.0;1.0;1.0;0.0;1.0;1.0;0.0;3.0;1.0;2.0;1.0;1.0;0.0;1.0;1.0;0.0;1.0;1.0;0.0;2.0;1.0;0.0;1.0;1.0;0.0;1.0;1.0;0.0;1.0;1.0;0.0;1.0;1.0;0.0;1.0;1.0;0.0;1.0;1.0;0.0;1.0;1.0;0.0;1.0;0.0;0.0;1.0;1.0;0.0;1.0;1.0;0.0
"75dc1be3539a15216f8a37bb37dbcc3d";1;2017;20222;11;1.375;2100;1.1475409836065573;-1.1475409836065573;-1;33.0;2.0;1.0;1.0;1.0;1.0;0.0;2.0;1.0;1.0;1.0;1.0;0.0;1.0;1.0;0.0;1.0;1.0;0.0;0.0;0.0;0.0;1.0;1.0;0.0;1.0;1.0;0.0;1.0;1.0;0.0;1.0;1.0;0.0;1.0;1.0;0.0;1.0;1.0;0.0;1.0;1.0;0.0;2.0;1.0;1.0;1.0;1.0;0.0;1.0;1.0;0.0;1.0;1.0;0.0;1.0;1.0;0.0;1.0;1.0;0.0;1.0;1.0;0.0;2.0;1.0;0.0;1.0;1.0;0.0;2.0;2.0;0.0;1.0;1.0;0.0;1.0;1.0;0.0;2.0;1.0;0.0;1.0;1.0;0.0;0.0;0.0;0.0
"76b2699b1def3c6d4a538fbca02843ad";0;2019;20222;9;1.125;1650;0.9016393442622951;-0.9016393442622951;-1;26.0;1.0;1.0;0.0;2.0;0.0;1.0;1.0;1.0;0.0;2.0;1.0;1.0;1.0;1.0;0.0;2.0;1.0;1.0;2.0;1.0;1.0;1.0;1.0;0.0;3.0;1.0;2.0;0.0;0.0;0.0;1.0;1.0;0.0;2.0;1.0;0.0;1.0;1.0;0.0;1.0;1.0;0.0;0.0;0.0;0.0;1.0;1.0;0.0;1.0;1.0;0.0;2.0;1.0;0.0;0.0;0.0;0.0;0.0;0.0;0.0;0.0;0.0;0.0;0.0;0.0;0.0;0.0;0.0;0.0;1.0;0.0;0.0;0.0;0.0;0.0;0.0;0.0;0.0;0.0;0.0;0.0;0.0;0.0;0.0;1.0;1.0;0.0
"7a921734fc4b5b55787b604cc26b637e";1;2022;20222;2;0.25;540;0.29508196721311475;-0.29508196721311475;-1;8.0;1.0;1.0;0.0;1.0;1.0;0.0;1.0;1.0;0.0;1.0;1.0;0.0;1.0;1.0;0.0;1.0;1.0;0.0;1.0;0.0;1.0;1.0;1.0;0.0;0.0;0.0;0.0;0.0;0.0;0.0;0.0;0.0;0.0;0.0;0.0;0.0;0.0;0.0;0.0;0.0;0.0;0.0;0.0;0.0;0.0;0.0;0.0;0.0;0.0;0.0;0.0;0.0;0.0;0.0;0.0;0.0;0.0;0.0;0.0;0.0;0.0;0.0;0.0;0.0;0.0;0.0;0.0;0.0;0.0;0.0;0.0;0.0;0.0;0.0;0.0;0.0;0.0;0.0;0.0;0.0;0.0;0.0;0.0;0.0;0.0;0.0;0.0
"7bdd0466d70a805f530acfef7d262d32";1;2020;20222;7;0.875;1710;0.9344262295081968;-0.9344262295081968;-1;27.0;1.0;1.0;0.0;2.0;1.0;0.0;1.0;1.0;0.0;2.0;1.0;0.0;1.0;1.0;0.0;1.0;1.0;0.0;1.0;1.0;0.0;1.0;1.0;0.0;1.0;1.0;0.0;1.0;1.0;0.0;1.0;1.0;0.0;1.0;1.0;0.0;1.0;1.0;0.0;1.0;1.0;0.0;1.0;1.0;0.0;1.0;1.0;0.0;1.0;1.0;0.0;1.0;1.0;0.0;1.0;1.0;0.0;1.0;1.0;0.0;1.0;1.0;0.0;1.0;1.0;0.0;1.0;1.0;0.0;1.0;0.0;0.0;1.0;1.0;0.0;0.0;0.0;0.0;0.0;0.0;0.0;0.0;0.0;0.0;0.0;0.0;0.0
"7be21e7ab54f679addca90c831b5338b";1;2019;20222;8;1.0;1800;0.9836065573770492;-0.9836065573770492;-1;28.0;1.0;1.0;0.0;1.0;1.0;0.0;1.0;1.0;0.0;1.0;1.0;0.0;1.0;1.0;0.0;2.0;1.0;1.0;2.0;1.0;0.0;1.0;1.0;0.0;1.0;1.0;0.0;1.0;1.0;0.0;1.0;0.0;0.0;1.0;1.0;0.0;1.0;1.0;0.0;2.0;1.0;1.0;3.0;1.0;2.0;1.0;1.0;0.0;1.0;1.0;0.0;1.0;1.0;0.0;1.0;1.0;0.0;0.0;0.0;0.0;1.0;1.0;0.0;0.0;0.0;0.0;0.0;0.0;0.0;0.0;0.0;0.0;0.0;0.0;0.0;0.0;0.0;0.0;1.0;1.0;0.0;1.0;1.0;0.0;1.0;1.0;0.0
"7beece5016dd98d9dbe19b7191e7fb88";0;2019;20222;8;1.0;1800;0.9836065573770492;-0.9836065573770492;-1;28.0;1.0;1.0;0.0;1.0;1.0;0.0;1.0;1.0;0.0;1.0;1.0;0.0;1.0;1.0;0.0;1.0;1.0;0.0;1.0;0.0;0.0;1.0;1.0;0.0;3.0;1.0;0.0;2.0;1.0;0.0;2.0;1.0;0.0;1.0;1.0;0.0;1.0;1.0;0.0;2.0;1.0;1.0;2.0;1.0;0.0;0.0;0.0;0.0;2.0;1.0;0.0;3.0;1.0;0.0;1.0;1.0;0.0;0.0;0.0;0.0;0.0;0.0;0.0;0.0;0.0;0.0;1.0;1.0;0.0;0.0;0.0;0.0;0.0;0.0;0.0;0.0;0.0;0.0;0.0;0.0;0.0;0.0;0.0;0.0;0.0;0.0;0.0
"7d11fd02a34473ee7dd98ee85b701fdf";1;2020;20222;7;0.875;1710;0.9344262295081968;-0.9344262295081968;-1;27.0;1.0;1.0;0.0;2.0;1.0;0.0;1.0;1.0;0.0;2.0;1.0;0.0;1.0;1.0;0.0;1.0;1.0;0.0;1.0;1.0;0.0;1.0;1.0;0.0;1.0;1.0;0.0;1.0;1.0;0.0;1.0;1.0;0.0;1.0;1.0;0.0;1.0;1.0;0.0;1.0;1.0;0.0;1.0;1.0;0.0;1.0;1.0;0.0;1.0;1.0;0.0;1.0;1.0;0.0;1.0;1.0;0.0;1.0;1.0;0.0;1.0;1.0;0.0;1.0;1.0;0.0;1.0;1.0;0.0;1.0;0.0;0.0;1.0;1.0;0.0;0.0;0.0;0.0;0.0;0.0;0.0;0.0;0.0;0.0;0.0;0.0;0.0
"7e0102da2e5ffba478ae3bce5ee300d9";1;2020;20222;7;0.875;1770;0.9672131147540983;-0.9672131147540983;-1;28.0;1.0;1.0;0.0;2.0;1.0;0.0;1.0;1.0;0.0;2.0;1.0;0.0;1.0;1.0;0.0;1.0;1.0;0.0;1.0;1.0;0.0;1.0;1.0;0.0;1.0;1.0;0.0;1.0;1.0;0.0;2.0;1.0;0.0;1.0;1.0;0.0;1.0;1.0;0.0;2.0;1.0;1.0;1.0;1.0;0.0;1.0;1.0;0.0;1.0;1.0;0.0;1.0;1.0;0.0;1.0;1.0;0.0;1.0;1.0;0.0;1.0;1.0;0.0;1.0;1.0;0.0;1.0;1.0;0.0;1.0;0.0;0.0;0.0;0.0;0.0;0.0;0.0;0.0;0.0;0.0;0.0;0.0;0.0;0.0;0.0;0.0;0.0
"7e10326d0da4e63e11261631332319db";1;2022;20222;2;0.25;600;0.32786885245901637;-0.32786885245901637;-1;9.0;1.0;1.0;0.0;2.0;1.0;1.0;1.0;1.0;0.0;1.0;1.0;0.0;1.0;1.0;0.0;1.0;1.0;0.0;1.0;1.0;0.0;1.0;1.0;0.0;0.0;0.0;0.0;0.0;0.0;0.0;0.0;0.0;0.0;0.0;0.0;0.0;0.0;0.0;0.0;0.0;0.0;0.0;0.0;0.0;0.0;0.0;0.0;0.0;0.0;0.0;0.0;0.0;0.0;0.0;0.0;0.0;0.0;0.0;0.0;0.0;0.0;0.0;0.0;0.0;0.0;0.0;0.0;0.0;0.0;0.0;0.0;0.0;0.0;0.0;0.0;0.0;0.0;0.0;0.0;0.0;0.0;0.0;0.0;0.0;0.0;0.0;0.0
"7f6a8d21f981e86e4d144bb41a6fda7c";1;2020;20222;7;0.875;1380;0.7540983606557377;-0.7540983606557377;-1;21.0;2.0;1.0;1.0;3.0;1.0;1.0;2.0;1.0;0.0;3.0;1.0;0.0;2.0;1.0;0.0;2.0;0.0;2.0;1.0;0.0;1.0;1.0;0.0;1.0;0.0;0.0;0.0;0.0;0.0;0.0;1.0;0.0;1.0;1.0;0.0;1.0;0.0;0.0;0.0;0.0;0.0;0.0;0.0;0.0;0.0;1.0;0.0;1.0;0.0;0.0;0.0;0.0;0.0;0.0;0.0;0.0;0.0;0.0;0.0;0.0;0.0;0.0;0.0;0.0;0.0;0.0;0.0;0.0;0.0;0.0;0.0;0.0;0.0;0.0;0.0;0.0;0.0;0.0;1.0;0.0;0.0;0.0;0.0;0.0;1.0;0.0;1.0
"80bf5cee21b47aafd5f5ed565a1cdd92";1;2018;20182;2;0.25;510;0.2786885245901639;-0.2786885245901639;-1;8.0;1.0;0.0;0.0;1.0;0.0;0.0;1.0;0.0;0.0;1.0;0.0;0.0;1.0;0.0;0.0;0.0;0.0;0.0;0.0;0.0;0.0;0.0;0.0;0.0;0.0;0.0;0.0;0.0;0.0;0.0;1.0;1.0;0.0;0.0;0.0;0.0;0.0;0.0;0.0;0.0;0.0;0.0;0.0;0.0;0.0;0.0;0.0;0.0;0.0;0.0;0.0;0.0;0.0;0.0;0.0;0.0;0.0;0.0;0.0;0.0;0.0;0.0;0.0;0.0;0.0;0.0;0.0;0.0;0.0;0.0;0.0;0.0;0.0;0.0;0.0;0.0;0.0;0.0;1.0;1.0;0.0;1.0;1.0;0.0;0.0;0.0;0.0
"81f02668ee968cfd408b525118e98da4";1;2018;20212;8;1.0;1530;0.8360655737704918;-0.8360655737704918;-1;24.0;1.0;1.0;0.0;1.0;1.0;0.0;1.0;1.0;0.0;1.0;1.0;0.0;1.0;1.0;0.0;1.0;1.0;0.0;1.0;1.0;0.0;1.0;1.0;0.0;1.0;1.0;0.0;1.0;1.0;0.0;1.0;1.0;0.0;1.0;1.0;0.0;1.0;1.0;0.0;0.0;0.0;0.0;0.0;0.0;0.0;1.0;1.0;0.0;0.0;0.0;0.0;1.0;1.0;0.0;1.0;1.0;0.0;1.0;1.0;0.0;1.0;1.0;0.0;1.0;1.0;0.0;1.0;1.0;0.0;1.0;1.0;0.0;1.0;1.0;0.0;1.0;1.0;0.0;0.0;0.0;0.0;1.0;1.0;0.0;0.0;0.0;0.0
"820af738a797b433621079d99784fba1";1;2021;20222;4;0.5;1230;0.6721311475409836;-0.6721311475409836;-1;19.0;1.0;1.0;0.0;1.0;0.0;0.0;1.0;0.0;0.0;1.0;1.0;0.0;1.0;1.0;0.0;1.0;1.0;0.0;1.0;1.0;0.0;1.0;1.0;0.0;1.0;1.0;0.0;1.0;1.0;0.0;1.0;1.0;0.0;1.0;1.0;0.0;1.0;1.0;0.0;1.0;1.0;0.0;1.0;1.0;0.0;1.0;1.0;0.0;1.0;1.0;0.0;1.0;1.0;0.0;0.0;0.0;0.0;0.0;0.0;0.0;0.0;0.0;0.0;0.0;0.0;0.0;0.0;0.0;0.0;0.0;0.0;0.0;0.0;0.0;0.0;0.0;0.0;0.0;0.0;0.0;0.0;0.0;0.0;0.0;1.0;1.0;0.0
"84565c17f11ffd6343fd4f5b9cd99128";1;2022;20222;2;0.25;600;0.32786885245901637;-0.32786885245901637;-1;9.0;1.0;1.0;0.0;1.0;1.0;0.0;1.0;1.0;0.0;1.0;1.0;0.0;1.0;1.0;0.0;1.0;1.0;0.0;1.0;1.0;0.0;1.0;1.0;0.0;0.0;0.0;0.0;0.0;0.0;0.0;0.0;0.0;0.0;0.0;0.0;0.0;0.0;0.0;0.0;0.0;0.0;0.0;1.0;0.0;1.0;0.0;0.0;0.0;0.0;0.0;0.0;0.0;0.0;0.0;0.0;0.0;0.0;0.0;0.0;0.0;0.0;0.0;0.0;0.0;0.0;0.0;0.0;0.0;0.0;0.0;0.0;0.0;0.0;0.0;0.0;0.0;0.0;0.0;0.0;0.0;0.0;0.0;0.0;0.0;0.0;0.0;0.0
"84b3bcfe98bcc02d1bed5eff615e3267";1;2019;20222;9;1.125;2040;1.1147540983606556;-1.1147540983606556;-1;32.0;1.0;1.0;0.0;1.0;1.0;0.0;1.0;1.0;0.0;1.0;1.0;0.0;1.0;1.0;0.0;2.0;1.0;0.0;1.0;1.0;0.0;1.0;1.0;0.0;1.0;1.0;0.0;1.0;1.0;0.0;2.0;0.0;0.0;2.0;1.0;0.0;1.0;1.0;0.0;1.0;1.0;0.0;2.0;1.0;0.0;1.0;1.0;0.0;1.0;1.0;0.0;1.0;1.0;0.0;1.0;1.0;0.0;0.0;0.0;0.0;1.0;1.0;0.0;1.0;1.0;0.0;1.0;1.0;0.0;1.0;0.0;0.0;1.0;1.0;0.0;0.0;0.0;0.0;2.0;1.0;0.0;1.0;1.0;0.0;1.0;1.0;0.0
"85b755c6f0cbae1d9f55be05d1e4a1fb";1;2019;20222;10;1.25;1950;1.0655737704918034;-1.0655737704918034;-1;31.0;1.0;1.0;0.0;2.0;1.0;1.0;1.0;1.0;0.0;1.0;1.0;0.0;1.0;1.0;0.0;1.0;1.0;0.0;1.0;1.0;0.0;2.0;1.0;0.0;1.0;1.0;0.0;1.0;0.0;0.0;1.0;0.0;0.0;2.0;1.0;0.0;1.0;1.0;0.0;1.0;1.0;0.0;2.0;1.0;1.0;1.0;1.0;0.0;1.0;1.0;0.0;1.0;1.0;0.0;1.0;1.0;0.0;0.0;0.0;0.0;1.0;1.0;0.0;1.0;1.0;0.0;1.0;1.0;0.0;1.0;0.0;0.0;1.0;1.0;0.0;0.0;0.0;0.0;1.0;1.0;0.0;1.0;1.0;0.0;1.0;1.0;0.0
"87cb45d689a3f8522d04375f506bea21";1;2022;20222;2;0.25;540;0.29508196721311475;-0.29508196721311475;-1;8.0;1.0;1.0;0.0;1.0;1.0;0.0;1.0;1.0;0.0;1.0;0.0;1.0;1.0;1.0;0.0;1.0;1.0;0.0;1.0;0.0;1.0;1.0;1.0;0.0;0.0;0.0;0.0;0.0;0.0;0.0;0.0;0.0;0.0;0.0;0.0;0.0;0.0;0.0;0.0;0.0;0.0;0.0;0.0;0.0;0.0;0.0;0.0;0.0;0.0;0.0;0.0;0.0;0.0;0.0;0.0;0.0;0.0;0.0;0.0;0.0;0.0;0.0;0.0;0.0;0.0;0.0;0.0;0.0;0.0;0.0;0.0;0.0;0.0;0.0;0.0;0.0;0.0;0.0;0.0;0.0;0.0;0.0;0.0;0.0;0.0;0.0;0.0
"883214a8fca2f1983289b325d03116f4";1;2019;20222;9;1.125;1590;0.8688524590163934;-0.8688524590163934;-1;24.0;1.0;1.0;0.0;1.0;1.0;0.0;1.0;1.0;0.0;2.0;1.0;1.0;1.0;1.0;0.0;3.0;1.0;2.0;2.0;0.0;2.0;1.0;1.0;0.0;2.0;0.0;2.0;1.0;0.0;0.0;2.0;0.0;0.0;2.0;1.0;0.0;1.0;1.0;0.0;0.0;0.0;0.0;1.0;0.0;0.0;1.0;1.0;0.0;0.0;0.0;0.0;0.0;0.0;0.0;0.0;0.0;0.0;0.0;0.0;0.0;0.0;0.0;0.0;0.0;0.0;0.0;0.0;0.0;0.0;0.0;0.0;0.0;0.0;0.0;0.0;0.0;0.0;0.0;1.0;1.0;0.0;0.0;0.0;0.0;1.0;0.0;0.0
"89e400de9c1be12edc298bde4b24e03e";0;2018;20206;4;0.5;1260;0.6885245901639344;-0.6885245901639344;-1;19.0;2.0;1.0;1.0;3.0;0.0;2.0;2.0;1.0;1.0;2.0;0.0;1.0;1.0;1.0;0.0;2.0;0.0;1.0;1.0;0.0;1.0;1.0;1.0;0.0;0.0;0.0;0.0;0.0;0.0;0.0;1.0;0.0;1.0;1.0;1.0;0.0;1.0;1.0;0.0;0.0;0.0;0.0;0.0;0.0;0.0;0.0;0.0;0.0;0.0;0.0;0.0;0.0;0.0;0.0;0.0;0.0;0.0;0.0;0.0;0.0;0.0;0.0;0.0;0.0;0.0;0.0;0.0;0.0;0.0;0.0;0.0;0.0;0.0;0.0;0.0;0.0;0.0;0.0;2.0;1.0;0.0;0.0;0.0;0.0;0.0;0.0;0.0
"8aa952e14b1fb5bbfdbe8fb3469666de";1;2020;20222;7;0.875;1710;0.9344262295081968;-0.9344262295081968;-1;27.0;1.0;1.0;0.0;2.0;1.0;0.0;1.0;1.0;0.0;2.0;1.0;0.0;1.0;1.0;0.0;1.0;1.0;0.0;1.0;1.0;0.0;1.0;1.0;0.0;1.0;1.0;0.0;1.0;1.0;0.0;1.0;1.0;0.0;1.0;1.0;0.0;1.0;1.0;0.0;1.0;1.0;0.0;1.0;1.0;0.0;1.0;1.0;0.0;1.0;1.0;0.0;1.0;1.0;0.0;1.0;1.0;0.0;1.0;1.0;0.0;1.0;1.0;0.0;1.0;1.0;0.0;1.0;1.0;0.0;1.0;0.0;0.0;1.0;1.0;0.0;0.0;0.0;0.0;0.0;0.0;0.0;0.0;0.0;0.0;0.0;0.0;0.0
"8c06416ae452285849d8602593c0061e";1;2016;20212;12;1.5;2460;1.3442622950819672;-1.3442622950819672;-1;38.0;2.0;1.0;1.0;1.0;1.0;0.0;2.0;1.0;1.0;1.0;1.0;0.0;1.0;1.0;0.0;2.0;1.0;1.0;1.0;0.0;1.0;1.0;1.0;0.0;2.0;1.0;1.0;2.0;1.0;1.0;1.0;1.0;0.0;1.0;1.0;0.0;1.0;1.0;0.0;1.0;1.0;0.0;3.0;1.0;2.0;1.0;1.0;0.0;1.0;1.0;0.0;1.0;1.0;0.0;1.0;1.0;0.0;1.0;1.0;0.0;2.0;1.0;1.0;1.0;1.0;0.0;1.0;1.0;0.0;1.0;1.0;0.0;1.0;1.0;0.0;1.0;1.0;0.0;2.0;1.0;0.0;1.0;1.0;0.0;1.0;1.0;0.0
"920c5c423f731842126e0757ebeb21c8";1;2018;20221;10;1.25;1890;1.0327868852459017;-1.0327868852459017;-1;30.0;1.0;1.0;0.0;1.0;1.0;0.0;1.0;1.0;0.0;2.0;1.0;1.0;1.0;1.0;0.0;1.0;1.0;0.0;0.0;0.0;0.0;1.0;1.0;0.0;1.0;1.0;0.0;1.0;1.0;0.0;1.0;1.0;0.0;1.0;1.0;0.0;1.0;1.0;0.0;1.0;1.0;0.0;2.0;1.0;1.0;0.0;0.0;0.0;1.0;1.0;0.0;2.0;1.0;1.0;2.0;1.0;1.0;1.0;1.0;0.0;2.0;1.0;1.0;1.0;1.0;0.0;1.0;1.0;0.0;1.0;1.0;0.0;1.0;1.0;0.0;1.0;1.0;0.0;0.0;0.0;0.0;1.0;1.0;0.0;0.0;0.0;0.0
"94a7f5f777a2b5f8081d9e51dfb90d39";1;2021;20222;4;0.5;1170;0.639344262295082;-0.639344262295082;-1;18.0;1.0;1.0;0.0;1.0;1.0;0.0;1.0;1.0;0.0;1.0;1.0;0.0;1.0;1.0;0.0;1.0;1.0;0.0;1.0;1.0;0.0;1.0;1.0;0.0;1.0;1.0;0.0;1.0;1.0;0.0;1.0;1.0;0.0;1.0;1.0;0.0;1.0;1.0;0.0;1.0;1.0;0.0;1.0;1.0;0.0;1.0;1.0;0.0;1.0;1.0;0.0;1.0;1.0;0.0;0.0;0.0;0.0;0.0;0.0;0.0;0.0;0.0;0.0;0.0;0.0;0.0;0.0;0.0;0.0;0.0;0.0;0.0;0.0;0.0;0.0;0.0;0.0;0.0;0.0;0.0;0.0;0.0;0.0;0.0;0.0;0.0;0.0
"9adbed3b0dea95e5a7eb14af393401e8";1;2022;20222;2;0.25;540;0.29508196721311475;-0.29508196721311475;-1;8.0;1.0;1.0;0.0;1.0;1.0;0.0;1.0;1.0;0.0;1.0;1.0;0.0;1.0;1.0;0.0;1.0;1.0;0.0;1.0;1.0;0.0;1.0;0.0;1.0;0.0;0.0;0.0;0.0;0.0;0.0;0.0;0.0;0.0;0.0;0.0;0.0;0.0;0.0;0.0;0.0;0.0;0.0;0.0;0.0;0.0;0.0;0.0;0.0;0.0;0.0;0.0;0.0;0.0;0.0;0.0;0.0;0.0;0.0;0.0;0.0;0.0;0.0;0.0;0.0;0.0;0.0;0.0;0.0;0.0;0.0;0.0;0.0;0.0;0.0;0.0;0.0;0.0;0.0;0.0;0.0;0.0;0.0;0.0;0.0;0.0;0.0;0.0
"9d59e830e74de45309f289fc778ba2f8";1;2021;20222;4;0.5;1080;0.5901639344262295;-0.5901639344262295;-1;16.0;1.0;1.0;0.0;1.0;1.0;0.0;1.0;1.0;0.0;1.0;1.0;0.0;1.0;1.0;0.0;2.0;1.0;1.0;1.0;1.0;0.0;1.0;1.0;0.0;0.0;0.0;0.0;1.0;0.0;0.0;1.0;0.0;1.0;1.0;0.0;1.0;1.0;1.0;0.0;0.0;0.0;0.0;1.0;0.0;1.0;1.0;0.0;1.0;1.0;1.0;0.0;0.0;0.0;0.0;0.0;0.0;0.0;0.0;0.0;0.0;0.0;0.0;0.0;0.0;0.0;0.0;0.0;0.0;0.0;0.0;0.0;0.0;0.0;0.0;0.0;0.0;0.0;0.0;0.0;0.0;0.0;0.0;0.0;0.0;0.0;0.0;0.0
"9d98034372a5935696886fe82501810f";1;2022;20222;2;0.25;600;0.32786885245901637;-0.32786885245901637;-1;9.0;1.0;1.0;0.0;1.0;1.0;0.0;2.0;1.0;1.0;1.0;0.0;1.0;1.0;1.0;0.0;1.0;1.0;0.0;0.0;0.0;0.0;1.0;1.0;0.0;0.0;0.0;0.0;0.0;0.0;0.0;0.0;0.0;0.0;0.0;0.0;0.0;0.0;0.0;0.0;0.0;0.0;0.0;1.0;1.0;0.0;0.0;0.0;0.0;0.0;0.0;0.0;0.0;0.0;0.0;0.0;0.0;0.0;0.0;0.0;0.0;0.0;0.0;0.0;0.0;0.0;0.0;0.0;0.0;0.0;0.0;0.0;0.0;0.0;0.0;0.0;0.0;0.0;0.0;0.0;0.0;0.0;0.0;0.0;0.0;0.0;0.0;0.0
"9df8c63f1e7f81cf20b294dcd22e93a6";1;2019;20222;10;1.25;2160;1.180327868852459;-1.180327868852459;-1;34.0;1.0;1.0;0.0;2.0;1.0;1.0;1.0;1.0;0.0;1.0;1.0;0.0;1.0;1.0;0.0;1.0;1.0;0.0;1.0;1.0;0.0;2.0;1.0;0.0;2.0;1.0;1.0;2.0;0.0;0.0;2.0;0.0;1.0;2.0;1.0;0.0;1.0;1.0;0.0;2.0;1.0;0.0;3.0;1.0;1.0;1.0;1.0;0.0;1.0;1.0;0.0;1.0;1.0;0.0;1.0;1.0;0.0;0.0;0.0;0.0;1.0;1.0;0.0;1.0;1.0;0.0;0.0;0.0;0.0;1.0;0.0;0.0;0.0;0.0;0.0;0.0;0.0;0.0;1.0;1.0;0.0;1.0;1.0;0.0;1.0;1.0;0.0
"a02a255eadcaa6d79c6618c327193f9c";1;2022;20222;2;0.25;540;0.29508196721311475;-0.29508196721311475;-1;8.0;1.0;1.0;0.0;1.0;1.0;0.0;1.0;1.0;0.0;1.0;1.0;0.0;1.0;1.0;0.0;1.0;1.0;0.0;1.0;1.0;0.0;1.0;1.0;0.0;0.0;0.0;0.0;0.0;0.0;0.0;0.0;0.0;0.0;0.0;0.0;0.0;0.0;0.0;0.0;0.0;0.0;0.0;0.0;0.0;0.0;0.0;0.0;0.0;0.0;0.0;0.0;0.0;0.0;0.0;0.0;0.0;0.0;0.0;0.0;0.0;0.0;0.0;0.0;0.0;0.0;0.0;0.0;0.0;0.0;0.0;0.0;0.0;0.0;0.0;0.0;0.0;0.0;0.0;0.0;0.0;0.0;0.0;0.0;0.0;0.0;0.0;0.0
"a22526ca2e7fd8a93af40d141489504e";0;2022;20222;2;0.25;540;0.29508196721311475;-0.29508196721311475;-1;8.0;1.0;1.0;0.0;1.0;1.0;0.0;1.0;1.0;0.0;1.0;1.0;0.0;1.0;1.0;0.0;1.0;1.0;0.0;1.0;1.0;0.0;1.0;1.0;0.0;0.0;0.0;0.0;0.0;0.0;0.0;0.0;0.0;0.0;0.0;0.0;0.0;0.0;0.0;0.0;0.0;0.0;0.0;0.0;0.0;0.0;0.0;0.0;0.0;0.0;0.0;0.0;0.0;0.0;0.0;0.0;0.0;0.0;0.0;0.0;0.0;0.0;0.0;0.0;0.0;0.0;0.0;0.0;0.0;0.0;0.0;0.0;0.0;0.0;0.0;0.0;0.0;0.0;0.0;0.0;0.0;0.0;0.0;0.0;0.0;0.0;0.0;0.0
"a3798670c8d43c9734241f40a24c6159";1;2022;20222;2;0.25;540;0.29508196721311475;-0.29508196721311475;-1;8.0;1.0;1.0;0.0;1.0;1.0;0.0;1.0;1.0;0.0;1.0;1.0;0.0;1.0;1.0;0.0;1.0;1.0;0.0;1.0;1.0;0.0;1.0;1.0;0.0;0.0;0.0;0.0;0.0;0.0;0.0;0.0;0.0;0.0;0.0;0.0;0.0;0.0;0.0;0.0;0.0;0.0;0.0;0.0;0.0;0.0;0.0;0.0;0.0;0.0;0.0;0.0;0.0;0.0;0.0;0.0;0.0;0.0;0.0;0.0;0.0;0.0;0.0;0.0;0.0;0.0;0.0;0.0;0.0;0.0;0.0;0.0;0.0;0.0;0.0;0.0;0.0;0.0;0.0;0.0;0.0;0.0;0.0;0.0;0.0;0.0;0.0;0.0
"a466622406faed17d1692468f95540e8";0;2020;20222;7;0.875;1560;0.8524590163934426;-0.8524590163934426;-1;24.0;1.0;1.0;0.0;2.0;1.0;0.0;1.0;1.0;0.0;2.0;1.0;0.0;1.0;1.0;0.0;1.0;1.0;0.0;0.0;0.0;0.0;1.0;1.0;0.0;2.0;1.0;1.0;2.0;1.0;1.0;2.0;1.0;0.0;1.0;1.0;0.0;1.0;1.0;0.0;1.0;1.0;0.0;2.0;0.0;1.0;1.0;1.0;0.0;1.0;1.0;0.0;1.0;1.0;0.0;0.0;0.0;0.0;0.0;0.0;0.0;0.0;0.0;0.0;0.0;0.0;0.0;0.0;0.0;0.0;0.0;0.0;0.0;0.0;0.0;0.0;0.0;0.0;0.0;1.0;1.0;0.0;0.0;0.0;0.0;0.0;0.0;0.0
"a4d275585fba156fe1791bc6a3c5e29f";1;2020;20222;7;0.875;1710;0.9344262295081968;-0.9344262295081968;-1;27.0;1.0;1.0;0.0;2.0;1.0;0.0;1.0;1.0;0.0;2.0;1.0;0.0;1.0;1.0;0.0;1.0;1.0;0.0;1.0;1.0;0.0;1.0;1.0;0.0;2.0;1.0;1.0;1.0;1.0;0.0;2.0;0.0;1.0;1.0;1.0;0.0;1.0;1.0;0.0;1.0;1.0;0.0;3.0;1.0;2.0;1.0;1.0;0.0;1.0;1.0;0.0;2.0;1.0;0.0;1.0;1.0;0.0;0.0;0.0;0.0;1.0;1.0;0.0;0.0;0.0;0.0;0.0;0.0;0.0;0.0;0.0;0.0;0.0;0.0;0.0;0.0;0.0;0.0;0.0;0.0;0.0;0.0;0.0;0.0;0.0;0.0;0.0
"a520f0a16ccc2316d47bf35fec5ebfe1";1;2022;20222;2;0.25;600;0.32786885245901637;-0.32786885245901637;-1;9.0;1.0;1.0;0.0;2.0;1.0;1.0;1.0;1.0;0.0;1.0;0.0;1.0;1.0;1.0;0.0;1.0;1.0;0.0;1.0;0.0;1.0;1.0;0.0;1.0;0.0;0.0;0.0;0.0;0.0;0.0;0.0;0.0;0.0;0.0;0.0;0.0;0.0;0.0;0.0;0.0;0.0;0.0;0.0;0.0;0.0;0.0;0.0;0.0;0.0;0.0;0.0;0.0;0.0;0.0;0.0;0.0;0.0;0.0;0.0;0.0;0.0;0.0;0.0;0.0;0.0;0.0;0.0;0.0;0.0;0.0;0.0;0.0;0.0;0.0;0.0;0.0;0.0;0.0;0.0;0.0;0.0;0.0;0.0;0.0;0.0;0.0;0.0
"a5ec34e51d3662c61375d17dabaf0de9";1;2020;20222;7;0.875;1710;0.9344262295081968;-0.9344262295081968;-1;27.0;1.0;1.0;0.0;2.0;1.0;0.0;1.0;1.0;0.0;2.0;1.0;0.0;1.0;1.0;0.0;1.0;1.0;0.0;1.0;1.0;0.0;1.0;1.0;0.0;1.0;1.0;0.0;1.0;1.0;0.0;1.0;1.0;0.0;1.0;1.0;0.0;1.0;1.0;0.0;1.0;1.0;0.0;1.0;1.0;0.0;1.0;1.0;0.0;1.0;1.0;0.0;1.0;1.0;0.0;1.0;1.0;0.0;1.0;1.0;0.0;1.0;1.0;0.0;1.0;1.0;0.0;1.0;1.0;0.0;1.0;0.0;0.0;1.0;1.0;0.0;0.0;0.0;0.0;0.0;0.0;0.0;0.0;0.0;0.0;0.0;0.0;0.0
"a71248b61cd9555fb22f0436c2ff5ed4";1;2017;20212;11;1.375;2250;1.2295081967213115;-1.2295081967213115;-1;36.0;1.0;1.0;0.0;1.0;1.0;0.0;2.0;1.0;1.0;1.0;1.0;0.0;1.0;1.0;0.0;1.0;1.0;0.0;0.0;0.0;0.0;1.0;1.0;0.0;1.0;1.0;0.0;1.0;1.0;0.0;3.0;1.0;1.0;1.0;1.0;0.0;1.0;1.0;0.0;1.0;1.0;0.0;3.0;1.0;2.0;3.0;1.0;1.0;1.0;1.0;0.0;1.0;1.0;0.0;1.0;1.0;0.0;1.0;1.0;0.0;1.0;1.0;0.0;1.0;1.0;0.0;1.0;1.0;0.0;1.0;0.0;0.0;1.0;1.0;0.0;1.0;1.0;0.0;1.0;1.0;0.0;2.0;1.0;0.0;1.0;1.0;0.0
"a748be0351e58d8b7207c7195a20f272";1;2020;20222;6;0.75;1590;0.8688524590163934;-0.8688524590163934;-1;25.0;1.0;1.0;0.0;1.0;1.0;0.0;1.0;1.0;0.0;1.0;1.0;0.0;1.0;1.0;0.0;1.0;1.0;0.0;1.0;1.0;0.0;1.0;1.0;0.0;1.0;1.0;0.0;1.0;1.0;0.0;1.0;1.0;0.0;1.0;1.0;0.0;1.0;1.0;0.0;1.0;1.0;0.0;1.0;1.0;0.0;1.0;1.0;0.0;1.0;1.0;0.0;1.0;1.0;0.0;1.0;1.0;0.0;1.0;1.0;0.0;1.0;1.0;0.0;1.0;1.0;0.0;1.0;1.0;0.0;1.0;0.0;0.0;1.0;1.0;0.0;0.0;0.0;0.0;0.0;0.0;0.0;0.0;0.0;0.0;0.0;0.0;0.0
"a9a38d218fa80cb1dd42a2c67bf9952b";1;2021;20222;4;0.5;1170;0.639344262295082;-0.639344262295082;-1;18.0;1.0;1.0;0.0;1.0;1.0;0.0;1.0;1.0;0.0;1.0;1.0;0.0;1.0;1.0;0.0;1.0;1.0;0.0;1.0;1.0;0.0;1.0;1.0;0.0;1.0;1.0;0.0;1.0;1.0;0.0;1.0;1.0;0.0;1.0;1.0;0.0;1.0;1.0;0.0;1.0;1.0;0.0;1.0;1.0;0.0;1.0;1.0;0.0;1.0;1.0;0.0;1.0;1.0;0.0;0.0;0.0;0.0;0.0;0.0;0.0;0.0;0.0;0.0;0.0;0.0;0.0;0.0;0.0;0.0;0.0;0.0;0.0;0.0;0.0;0.0;0.0;0.0;0.0;0.0;0.0;0.0;0.0;0.0;0.0;0.0;0.0;0.0
"ac2afe5edb06ee86bdaf6b561b28d6a3";0;2019;20222;9;1.125;1800;0.9836065573770492;-0.9836065573770492;-1;28.0;1.0;1.0;0.0;2.0;1.0;1.0;1.0;1.0;0.0;1.0;1.0;0.0;1.0;1.0;0.0;1.0;1.0;0.0;1.0;1.0;0.0;2.0;1.0;0.0;2.0;1.0;0.0;2.0;1.0;1.0;1.0;1.0;0.0;2.0;1.0;0.0;1.0;1.0;0.0;1.0;1.0;0.0;1.0;0.0;0.0;1.0;1.0;0.0;1.0;1.0;0.0;1.0;1.0;0.0;1.0;1.0;0.0;0.0;0.0;0.0;1.0;1.0;0.0;0.0;0.0;0.0;0.0;0.0;0.0;1.0;0.0;0.0;0.0;0.0;0.0;0.0;0.0;0.0;1.0;1.0;0.0;0.0;0.0;0.0;1.0;1.0;0.0
"ae4d09e9834613bbc34965abeb7775f0";1;2022;20222;2;0.25;540;0.29508196721311475;-0.29508196721311475;-1;8.0;1.0;1.0;0.0;1.0;1.0;0.0;1.0;1.0;0.0;1.0;1.0;0.0;1.0;1.0;0.0;1.0;1.0;0.0;1.0;0.0;1.0;1.0;1.0;0.0;0.0;0.0;0.0;0.0;0.0;0.0;0.0;0.0;0.0;0.0;0.0;0.0;0.0;0.0;0.0;0.0;0.0;0.0;0.0;0.0;0.0;0.0;0.0;0.0;0.0;0.0;0.0;0.0;0.0;0.0;0.0;0.0;0.0;0.0;0.0;0.0;0.0;0.0;0.0;0.0;0.0;0.0;0.0;0.0;0.0;0.0;0.0;0.0;0.0;0.0;0.0;0.0;0.0;0.0;0.0;0.0;0.0;0.0;0.0;0.0;0.0;0.0;0.0
"aeb445c25202115edac5c0c1b8f8388b";1;2019;20222;9;1.125;1980;1.0819672131147542;-1.0819672131147542;-1;31.0;1.0;1.0;0.0;2.0;1.0;1.0;1.0;1.0;0.0;1.0;1.0;0.0;1.0;1.0;0.0;1.0;1.0;0.0;1.0;0.0;0.0;2.0;1.0;0.0;4.0;1.0;1.0;2.0;0.0;1.0;4.0;0.0;2.0;2.0;1.0;0.0;1.0;1.0;0.0;1.0;0.0;1.0;1.0;0.0;0.0;1.0;1.0;0.0;1.0;1.0;0.0;2.0;1.0;0.0;0.0;0.0;0.0;0.0;0.0;0.0;0.0;0.0;0.0;0.0;0.0;0.0;0.0;0.0;0.0;0.0;0.0;0.0;0.0;0.0;0.0;0.0;0.0;0.0;1.0;1.0;0.0;0.0;0.0;0.0;1.0;1.0;0.0
"b33677fcc47d06c8d815de5c9c7b29f6";0;2019;20222;9;1.125;2040;1.1147540983606556;-1.1147540983606556;-1;32.0;1.0;1.0;0.0;1.0;1.0;0.0;1.0;1.0;0.0;1.0;1.0;0.0;1.0;1.0;0.0;1.0;1.0;0.0;1.0;1.0;0.0;1.0;1.0;0.0;2.0;1.0;0.0;2.0;1.0;1.0;2.0;1.0;0.0;2.0;1.0;0.0;1.0;1.0;0.0;1.0;1.0;0.0;1.0;1.0;0.0;1.0;1.0;0.0;1.0;1.0;0.0;1.0;1.0;0.0;1.0;1.0;0.0;0.0;0.0;0.0;1.0;1.0;0.0;1.0;1.0;0.0;1.0;1.0;0.0;1.0;0.0;0.0;1.0;1.0;0.0;1.0;1.0;0.0;1.0;1.0;0.0;1.0;1.0;0.0;1.0;1.0;0.0
"b3c338925bb16486f1bf2a2f1771e464";1;2020;20222;7;0.875;1710;0.9344262295081968;-0.9344262295081968;-1;27.0;1.0;1.0;0.0;2.0;1.0;0.0;1.0;1.0;0.0;2.0;1.0;0.0;1.0;1.0;0.0;1.0;1.0;0.0;1.0;1.0;0.0;1.0;1.0;0.0;1.0;1.0;0.0;1.0;1.0;0.0;1.0;1.0;0.0;1.0;1.0;0.0;1.0;1.0;0.0;1.0;1.0;0.0;1.0;1.0;0.0;1.0;1.0;0.0;1.0;1.0;0.0;1.0;1.0;0.0;1.0;1.0;0.0;1.0;1.0;0.0;1.0;1.0;0.0;1.0;1.0;0.0;1.0;1.0;0.0;1.0;0.0;0.0;0.0;0.0;0.0;0.0;0.0;0.0;1.0;0.0;0.0;0.0;0.0;0.0;0.0;0.0;0.0
"b47355443bb60a6dd2b390e42d511662";1;2018;20222;10;1.25;2250;1.2295081967213115;-1.2295081967213115;-1;35.0;1.0;1.0;0.0;2.0;1.0;1.0;1.0;1.0;0.0;3.0;1.0;1.0;1.0;1.0;0.0;2.0;1.0;1.0;0.0;0.0;0.0;1.0;1.0;0.0;1.0;1.0;0.0;2.0;1.0;1.0;2.0;0.0;1.0;1.0;1.0;0.0;1.0;1.0;0.0;1.0;1.0;0.0;3.0;1.0;2.0;1.0;1.0;0.0;1.0;1.0;0.0;1.0;1.0;0.0;1.0;1.0;0.0;0.0;0.0;0.0;2.0;1.0;0.0;2.0;1.0;1.0;0.0;0.0;0.0;1.0;1.0;0.0;0.0;0.0;0.0;0.0;0.0;0.0;2.0;1.0;0.0;1.0;1.0;0.0;1.0;1.0;0.0
"bc1ad88ab91cd0d12c7c5f9f5c21e15b";0;2021;20222;4;0.5;1230;0.6721311475409836;-0.6721311475409836;-1;19.0;1.0;1.0;0.0;1.0;1.0;0.0;1.0;1.0;0.0;1.0;1.0;0.0;1.0;1.0;0.0;1.0;1.0;0.0;1.0;1.0;0.0;1.0;1.0;0.0;1.0;1.0;0.0;1.0;1.0;0.0;1.0;1.0;0.0;1.0;1.0;0.0;1.0;1.0;0.0;1.0;1.0;0.0;1.0;1.0;0.0;1.0;1.0;0.0;1.0;1.0;0.0;1.0;1.0;0.0;0.0;0.0;0.0;0.0;0.0;0.0;0.0;0.0;0.0;0.0;0.0;0.0;0.0;0.0;0.0;0.0;0.0;0.0;0.0;0.0;0.0;0.0;0.0;0.0;0.0;0.0;0.0;0.0;0.0;0.0;1.0;1.0;0.0
"bcea4c4156a7a79b6fa54845424132d7";1;2018;20222;11;1.375;2130;1.1639344262295082;-1.1639344262295082;-1;34.0;1.0;1.0;0.0;1.0;1.0;0.0;1.0;1.0;0.0;1.0;1.0;0.0;1.0;1.0;0.0;1.0;1.0;0.0;2.0;0.0;2.0;1.0;1.0;0.0;1.0;1.0;0.0;1.0;1.0;0.0;1.0;1.0;0.0;1.0;1.0;0.0;1.0;1.0;0.0;1.0;1.0;0.0;2.0;1.0;1.0;1.0;1.0;0.0;1.0;1.0;0.0;1.0;1.0;0.0;2.0;1.0;1.0;2.0;1.0;1.0;2.0;1.0;0.0;2.0;1.0;0.0;1.0;1.0;0.0;1.0;1.0;0.0;1.0;1.0;0.0;0.0;0.0;0.0;1.0;1.0;0.0;1.0;1.0;0.0;1.0;1.0;0.0
"bde63179d2c9faf97ac7ad0b5618311f";1;2022;20222;2;0.25;540;0.29508196721311475;-0.29508196721311475;-1;8.0;1.0;1.0;0.0;1.0;0.0;1.0;1.0;1.0;0.0;1.0;0.0;1.0;1.0;1.0;0.0;1.0;1.0;0.0;1.0;0.0;1.0;1.0;1.0;0.0;0.0;0.0;0.0;0.0;0.0;0.0;0.0;0.0;0.0;0.0;0.0;0.0;0.0;0.0;0.0;0.0;0.0;0.0;0.0;0.0;0.0;0.0;0.0;0.0;0.0;0.0;0.0;0.0;0.0;0.0;0.0;0.0;0.0;0.0;0.0;0.0;0.0;0.0;0.0;0.0;0.0;0.0;0.0;0.0;0.0;0.0;0.0;0.0;0.0;0.0;0.0;0.0;0.0;0.0;0.0;0.0;0.0;0.0;0.0;0.0;0.0;0.0;0.0
"c0add0b9c18e61485197e23898a77717";1;2020;20221;6;0.75;1350;0.7377049180327869;-0.7377049180327869;-1;21.0;1.0;1.0;0.0;2.0;1.0;0.0;1.0;1.0;0.0;2.0;1.0;0.0;1.0;1.0;0.0;1.0;1.0;0.0;1.0;1.0;0.0;1.0;1.0;0.0;1.0;1.0;0.0;1.0;1.0;0.0;0.0;0.0;0.0;1.0;1.0;0.0;1.0;1.0;0.0;2.0;1.0;0.0;1.0;1.0;0.0;1.0;1.0;0.0;1.0;1.0;0.0;0.0;0.0;0.0;0.0;0.0;0.0;0.0;0.0;0.0;1.0;1.0;0.0;0.0;0.0;0.0;0.0;0.0;0.0;0.0;0.0;0.0;0.0;0.0;0.0;0.0;0.0;0.0;1.0;0.0;0.0;0.0;0.0;0.0;0.0;0.0;0.0
"c207463b2f05ec727e9240539f5f5a2d";1;2022;20222;2;0.25;540;0.29508196721311475;-0.29508196721311475;-1;8.0;1.0;1.0;0.0;1.0;0.0;1.0;1.0;1.0;0.0;1.0;0.0;1.0;1.0;1.0;0.0;1.0;1.0;0.0;1.0;1.0;0.0;1.0;1.0;0.0;0.0;0.0;0.0;0.0;0.0;0.0;0.0;0.0;0.0;0.0;0.0;0.0;0.0;0.0;0.0;0.0;0.0;0.0;0.0;0.0;0.0;0.0;0.0;0.0;0.0;0.0;0.0;0.0;0.0;0.0;0.0;0.0;0.0;0.0;0.0;0.0;0.0;0.0;0.0;0.0;0.0;0.0;0.0;0.0;0.0;0.0;0.0;0.0;0.0;0.0;0.0;0.0;0.0;0.0;0.0;0.0;0.0;0.0;0.0;0.0;0.0;0.0;0.0
"c330ceefe7b7abde15372b8e8ad13ff5";1;2021;20222;4;0.5;1170;0.639344262295082;-0.639344262295082;-1;18.0;1.0;1.0;0.0;1.0;1.0;0.0;1.0;1.0;0.0;1.0;1.0;0.0;1.0;1.0;0.0;1.0;1.0;0.0;1.0;1.0;0.0;1.0;1.0;0.0;1.0;1.0;0.0;1.0;1.0;0.0;1.0;1.0;0.0;1.0;1.0;0.0;1.0;1.0;0.0;1.0;1.0;0.0;1.0;1.0;0.0;1.0;1.0;0.0;1.0;1.0;0.0;1.0;1.0;0.0;0.0;0.0;0.0;0.0;0.0;0.0;0.0;0.0;0.0;0.0;0.0;0.0;0.0;0.0;0.0;0.0;0.0;0.0;0.0;0.0;0.0;0.0;0.0;0.0;0.0;0.0;0.0;0.0;0.0;0.0;0.0;0.0;0.0
"c76e60f347881c98907f77d416066236";1;2021;20222;3;0.375;750;0.4098360655737705;-0.4098360655737705;-1;11.0;1.0;1.0;0.0;1.0;1.0;0.0;1.0;1.0;0.0;1.0;1.0;0.0;1.0;1.0;0.0;2.0;1.0;0.0;2.0;0.0;1.0;2.0;1.0;0.0;0.0;0.0;0.0;0.0;0.0;0.0;0.0;0.0;0.0;0.0;0.0;0.0;0.0;0.0;0.0;0.0;0.0;0.0;0.0;0.0;0.0;0.0;0.0;0.0;0.0;0.0;0.0;0.0;0.0;0.0;0.0;0.0;0.0;0.0;0.0;0.0;0.0;0.0;0.0;0.0;0.0;0.0;0.0;0.0;0.0;0.0;0.0;0.0;0.0;0.0;0.0;0.0;0.0;0.0;0.0;0.0;0.0;0.0;0.0;0.0;0.0;0.0;0.0
"c81d5ea5510457f422b668010118945f";0;2020;20222;6;0.75;1590;0.8688524590163934;-0.8688524590163934;-1;24.0;1.0;1.0;0.0;5.0;0.0;4.0;2.0;1.0;1.0;2.0;1.0;1.0;1.0;1.0;0.0;4.0;0.0;3.0;1.0;0.0;1.0;2.0;1.0;1.0;0.0;0.0;0.0;0.0;0.0;0.0;0.0;0.0;0.0;2.0;0.0;2.0;1.0;1.0;0.0;0.0;0.0;0.0;0.0;0.0;0.0;2.0;1.0;1.0;0.0;0.0;0.0;0.0;0.0;0.0;0.0;0.0;0.0;0.0;0.0;0.0;0.0;0.0;0.0;0.0;0.0;0.0;0.0;0.0;0.0;0.0;0.0;0.0;0.0;0.0;0.0;0.0;0.0;0.0;0.0;0.0;0.0;0.0;0.0;0.0;1.0;0.0;1.0
"c858ee15dcf579ddd7a879ee3797e3cb";1;2020;20222;7;0.875;1770;0.9672131147540983;-0.9672131147540983;-1;28.0;1.0;1.0;0.0;2.0;1.0;0.0;1.0;1.0;0.0;2.0;1.0;0.0;1.0;1.0;0.0;1.0;1.0;0.0;1.0;1.0;0.0;1.0;1.0;0.0;1.0;1.0;0.0;1.0;1.0;0.0;1.0;1.0;0.0;1.0;1.0;0.0;1.0;1.0;0.0;2.0;1.0;0.0;1.0;1.0;0.0;1.0;1.0;0.0;1.0;1.0;0.0;1.0;1.0;0.0;1.0;1.0;0.0;1.0;1.0;0.0;1.0;1.0;0.0;1.0;1.0;0.0;1.0;1.0;0.0;1.0;0.0;0.0;0.0;0.0;0.0;0.0;0.0;0.0;1.0;0.0;0.0;0.0;0.0;0.0;0.0;0.0;0.0
"c8cb2ecce44b0779362f2ee6526aeced";0;2018;20222;11;1.375;2400;1.3114754098360655;-1.3114754098360655;-1;38.0;1.0;1.0;0.0;3.0;1.0;1.0;1.0;1.0;0.0;3.0;1.0;1.0;1.0;1.0;0.0;2.0;1.0;1.0;1.0;0.0;1.0;1.0;1.0;0.0;3.0;1.0;1.0;1.0;1.0;0.0;2.0;1.0;1.0;1.0;1.0;0.0;1.0;1.0;0.0;2.0;1.0;1.0;2.0;1.0;1.0;1.0;1.0;0.0;2.0;1.0;1.0;1.0;1.0;0.0;1.0;1.0;0.0;1.0;1.0;0.0;1.0;1.0;0.0;1.0;1.0;0.0;1.0;1.0;0.0;1.0;1.0;0.0;1.0;1.0;0.0;0.0;0.0;0.0;1.0;1.0;0.0;0.0;0.0;0.0;1.0;1.0;0.0
"c952359ba4109d435667ef6a2b48cd30";1;2020;20222;7;0.875;1710;0.9344262295081968;-0.9344262295081968;-1;27.0;1.0;1.0;0.0;2.0;1.0;0.0;1.0;1.0;0.0;2.0;1.0;0.0;1.0;1.0;0.0;1.0;1.0;0.0;1.0;1.0;0.0;1.0;1.0;0.0;1.0;1.0;0.0;1.0;1.0;0.0;1.0;1.0;0.0;1.0;1.0;0.0;1.0;1.0;0.0;1.0;1.0;0.0;1.0;1.0;0.0;1.0;1.0;0.0;1.0;1.0;0.0;1.0;1.0;0.0;1.0;1.0;0.0;1.0;1.0;0.0;1.0;1.0;0.0;1.0;1.0;0.0;1.0;1.0;0.0;1.0;0.0;0.0;1.0;1.0;0.0;0.0;0.0;0.0;0.0;0.0;0.0;0.0;0.0;0.0;0.0;0.0;0.0
"cb1597e16fdeb0ac1f7cedd079dd86d7";1;2020;20222;7;0.875;1710;0.9344262295081968;-0.9344262295081968;-1;26.0;1.0;1.0;0.0;2.0;1.0;0.0;1.0;1.0;0.0;2.0;1.0;0.0;1.0;1.0;0.0;1.0;1.0;0.0;2.0;1.0;1.0;1.0;1.0;0.0;1.0;1.0;0.0;3.0;1.0;2.0;1.0;1.0;0.0;2.0;1.0;1.0;1.0;1.0;0.0;2.0;1.0;0.0;2.0;0.0;1.0;1.0;1.0;0.0;1.0;1.0;0.0;0.0;0.0;0.0;1.0;1.0;0.0;0.0;0.0;0.0;0.0;0.0;0.0;0.0;0.0;0.0;0.0;0.0;0.0;0.0;0.0;0.0;0.0;0.0;0.0;0.0;0.0;0.0;0.0;0.0;0.0;0.0;0.0;0.0;0.0;0.0;0.0
"cc89fab4aa217902be24fd15567adebb";1;2020;20222;6;0.75;1230;0.6721311475409836;-0.6721311475409836;-1;19.0;1.0;1.0;0.0;2.0;1.0;0.0;1.0;1.0;0.0;2.0;1.0;0.0;1.0;1.0;0.0;1.0;1.0;0.0;1.0;1.0;0.0;1.0;1.0;0.0;0.0;0.0;0.0;1.0;1.0;0.0;1.0;1.0;0.0;1.0;1.0;0.0;1.0;1.0;0.0;0.0;0.0;0.0;2.0;0.0;1.0;1.0;1.0;0.0;1.0;1.0;0.0;0.0;0.0;0.0;0.0;0.0;0.0;0.0;0.0;0.0;0.0;0.0;0.0;0.0;0.0;0.0;0.0;0.0;0.0;0.0;0.0;0.0;0.0;0.0;0.0;0.0;0.0;0.0;0.0;0.0;0.0;0.0;0.0;0.0;1.0;1.0;0.0
"ce4bb697cf6079e71b57eb9034a32640";0;2021;20222;4;0.5;1080;0.5901639344262295;-0.5901639344262295;-1;16.0;1.0;1.0;0.0;1.0;1.0;0.0;1.0;1.0;0.0;1.0;1.0;0.0;1.0;1.0;0.0;1.0;1.0;0.0;1.0;1.0;0.0;1.0;1.0;0.0;1.0;0.0;1.0;2.0;1.0;0.0;1.0;1.0;0.0;1.0;1.0;0.0;1.0;1.0;0.0;0.0;0.0;0.0;0.0;0.0;0.0;1.0;0.0;1.0;0.0;0.0;0.0;0.0;0.0;0.0;0.0;0.0;0.0;0.0;0.0;0.0;0.0;0.0;0.0;0.0;0.0;0.0;0.0;0.0;0.0;0.0;0.0;0.0;0.0;0.0;0.0;0.0;0.0;0.0;0.0;0.0;0.0;0.0;0.0;0.0;1.0;1.0;0.0
"ced3bcb5e80ef5670f05fd8c7e1236a8";0;2022;20222;2;0.25;540;0.29508196721311475;-0.29508196721311475;-1;8.0;1.0;1.0;0.0;1.0;1.0;0.0;1.0;1.0;0.0;1.0;1.0;0.0;1.0;1.0;0.0;1.0;1.0;0.0;1.0;1.0;0.0;1.0;1.0;0.0;0.0;0.0;0.0;0.0;0.0;0.0;0.0;0.0;0.0;0.0;0.0;0.0;0.0;0.0;0.0;0.0;0.0;0.0;0.0;0.0;0.0;0.0;0.0;0.0;0.0;0.0;0.0;0.0;0.0;0.0;0.0;0.0;0.0;0.0;0.0;0.0;0.0;0.0;0.0;0.0;0.0;0.0;0.0;0.0;0.0;0.0;0.0;0.0;0.0;0.0;0.0;0.0;0.0;0.0;0.0;0.0;0.0;0.0;0.0;0.0;0.0;0.0;0.0
"d1a0a1924cbfe075af11d803bc21f467";1;2020;20222;7;0.875;1470;0.8032786885245902;-0.8032786885245902;-1;23.0;1.0;1.0;0.0;1.0;1.0;0.0;1.0;1.0;0.0;2.0;1.0;0.0;1.0;1.0;0.0;1.0;1.0;0.0;1.0;1.0;0.0;1.0;1.0;0.0;2.0;1.0;1.0;1.0;0.0;1.0;1.0;1.0;0.0;2.0;1.0;1.0;1.0;1.0;0.0;1.0;1.0;0.0;1.0;1.0;0.0;1.0;1.0;0.0;1.0;1.0;0.0;1.0;1.0;0.0;0.0;0.0;0.0;0.0;0.0;0.0;0.0;0.0;0.0;0.0;0.0;0.0;1.0;1.0;0.0;0.0;0.0;0.0;0.0;0.0;0.0;0.0;0.0;0.0;1.0;1.0;0.0;0.0;0.0;0.0;0.0;0.0;0.0
"d22c3c4c46be7a410f185484efb912f8";1;2020;20222;6;0.75;1380;0.7540983606557377;-0.7540983606557377;-1;21.0;1.0;1.0;0.0;2.0;1.0;0.0;3.0;1.0;1.0;2.0;1.0;0.0;1.0;1.0;0.0;1.0;1.0;0.0;1.0;0.0;1.0;2.0;1.0;1.0;2.0;0.0;2.0;2.0;0.0;1.0;0.0;0.0;0.0;2.0;1.0;1.0;0.0;0.0;0.0;0.0;0.0;0.0;2.0;1.0;1.0;0.0;0.0;0.0;0.0;0.0;0.0;0.0;0.0;0.0;0.0;0.0;0.0;0.0;0.0;0.0;0.0;0.0;0.0;0.0;0.0;0.0;0.0;0.0;0.0;0.0;0.0;0.0;0.0;0.0;0.0;0.0;0.0;0.0;0.0;0.0;0.0;0.0;0.0;0.0;0.0;0.0;0.0
"d3db4542bc8e115ea86fbf1f4486c6fb";1;2021;20222;4;0.5;810;0.4426229508196721;-0.4426229508196721;-1;12.0;1.0;1.0;0.0;1.0;1.0;0.0;1.0;1.0;0.0;1.0;1.0;0.0;1.0;0.0;0.0;2.0;1.0;1.0;1.0;0.0;1.0;1.0;1.0;0.0;0.0;0.0;0.0;0.0;0.0;0.0;0.0;0.0;0.0;0.0;0.0;0.0;0.0;0.0;0.0;0.0;0.0;0.0;1.0;0.0;1.0;1.0;0.0;1.0;1.0;1.0;0.0;0.0;0.0;0.0;0.0;0.0;0.0;0.0;0.0;0.0;0.0;0.0;0.0;0.0;0.0;0.0;0.0;0.0;0.0;0.0;0.0;0.0;0.0;0.0;0.0;0.0;0.0;0.0;0.0;0.0;0.0;0.0;0.0;0.0;0.0;0.0;0.0
"d6f362b5513d8b9627e37414e842ddc5";1;2019;20222;10;1.25;2400;1.3114754098360655;-1.3114754098360655;-1;36.0;1.0;1.0;0.0;2.0;1.0;1.0;1.0;1.0;0.0;1.0;1.0;0.0;1.0;1.0;0.0;1.0;1.0;0.0;1.0;1.0;0.0;2.0;1.0;0.0;3.0;1.0;1.0;6.0;1.0;3.0;2.0;0.0;2.0;2.0;1.0;0.0;1.0;1.0;0.0;2.0;1.0;1.0;1.0;1.0;0.0;1.0;1.0;0.0;1.0;1.0;0.0;1.0;1.0;0.0;1.0;1.0;0.0;1.0;1.0;0.0;1.0;1.0;0.0;0.0;0.0;0.0;1.0;0.0;1.0;0.0;0.0;0.0;0.0;0.0;0.0;0.0;0.0;0.0;1.0;0.0;0.0;0.0;0.0;0.0;1.0;1.0;0.0
"d819d8cb9758da424dc4a34e825f3d79";1;2021;20222;4;0.5;1170;0.639344262295082;-0.639344262295082;-1;18.0;1.0;1.0;0.0;1.0;1.0;0.0;1.0;1.0;0.0;1.0;1.0;0.0;1.0;1.0;0.0;1.0;1.0;0.0;1.0;1.0;0.0;1.0;1.0;0.0;1.0;1.0;0.0;1.0;1.0;0.0;1.0;0.0;1.0;1.0;1.0;0.0;1.0;1.0;0.0;1.0;1.0;0.0;1.0;0.0;1.0;1.0;0.0;1.0;1.0;1.0;0.0;1.0;1.0;0.0;0.0;0.0;0.0;0.0;0.0;0.0;0.0;0.0;0.0;0.0;0.0;0.0;0.0;0.0;0.0;0.0;0.0;0.0;0.0;0.0;0.0;0.0;0.0;0.0;0.0;0.0;0.0;0.0;0.0;0.0;0.0;0.0;0.0
"d9572191e32df44a04a22300720f2614";0;2022;20222;2;0.25;540;0.29508196721311475;-0.29508196721311475;-1;8.0;1.0;1.0;0.0;1.0;1.0;0.0;1.0;1.0;0.0;1.0;1.0;0.0;1.0;1.0;0.0;1.0;1.0;0.0;1.0;1.0;0.0;1.0;1.0;0.0;0.0;0.0;0.0;0.0;0.0;0.0;0.0;0.0;0.0;0.0;0.0;0.0;0.0;0.0;0.0;0.0;0.0;0.0;0.0;0.0;0.0;0.0;0.0;0.0;0.0;0.0;0.0;0.0;0.0;0.0;0.0;0.0;0.0;0.0;0.0;0.0;0.0;0.0;0.0;0.0;0.0;0.0;0.0;0.0;0.0;0.0;0.0;0.0;0.0;0.0;0.0;0.0;0.0;0.0;0.0;0.0;0.0;0.0;0.0;0.0;0.0;0.0;0.0
"dee0514345baaf0f7891ceb1e56a8dd9";1;2020;20222;7;0.875;1710;0.9344262295081968;-0.9344262295081968;-1;27.0;1.0;1.0;0.0;2.0;1.0;0.0;1.0;1.0;0.0;2.0;1.0;0.0;1.0;1.0;0.0;1.0;1.0;0.0;1.0;1.0;0.0;1.0;1.0;0.0;1.0;1.0;0.0;1.0;1.0;0.0;1.0;1.0;0.0;1.0;1.0;0.0;1.0;1.0;0.0;1.0;1.0;0.0;1.0;1.0;0.0;1.0;1.0;0.0;1.0;1.0;0.0;1.0;1.0;0.0;1.0;1.0;0.0;1.0;1.0;0.0;1.0;1.0;0.0;1.0;1.0;0.0;1.0;1.0;0.0;1.0;0.0;0.0;1.0;1.0;0.0;0.0;0.0;0.0;0.0;0.0;0.0;0.0;0.0;0.0;0.0;0.0;0.0
"e0e777d0ef7bf54b4d55ee550fe7c396";1;2022;20222;2;0.25;540;0.29508196721311475;-0.29508196721311475;-1;8.0;1.0;1.0;0.0;1.0;1.0;0.0;1.0;1.0;0.0;1.0;1.0;0.0;1.0;1.0;0.0;1.0;1.0;0.0;1.0;0.0;1.0;1.0;1.0;0.0;0.0;0.0;0.0;0.0;0.0;0.0;0.0;0.0;0.0;0.0;0.0;0.0;0.0;0.0;0.0;0.0;0.0;0.0;0.0;0.0;0.0;0.0;0.0;0.0;0.0;0.0;0.0;0.0;0.0;0.0;0.0;0.0;0.0;0.0;0.0;0.0;0.0;0.0;0.0;0.0;0.0;0.0;0.0;0.0;0.0;0.0;0.0;0.0;0.0;0.0;0.0;0.0;0.0;0.0;0.0;0.0;0.0;0.0;0.0;0.0;0.0;0.0;0.0
"e10089f6080d3afa8904437086ea2752";1;2019;20221;9;1.125;2070;1.1311475409836065;-1.1311475409836065;-1;33.0;1.0;1.0;0.0;2.0;1.0;1.0;1.0;1.0;0.0;1.0;1.0;0.0;1.0;1.0;0.0;1.0;1.0;0.0;1.0;1.0;0.0;2.0;1.0;0.0;1.0;1.0;0.0;1.0;1.0;0.0;3.0;1.0;0.0;1.0;1.0;0.0;1.0;1.0;0.0;1.0;1.0;0.0;1.0;1.0;0.0;1.0;1.0;0.0;1.0;1.0;0.0;1.0;1.0;0.0;1.0;1.0;0.0;1.0;1.0;0.0;1.0;1.0;0.0;1.0;1.0;0.0;1.0;1.0;0.0;1.0;0.0;0.0;1.0;1.0;0.0;1.0;1.0;0.0;1.0;1.0;0.0;1.0;1.0;0.0;1.0;1.0;0.0
"e4b111a91092302e3a45636b89247bcf";1;2019;20222;9;1.125;2340;1.278688524590164;-1.278688524590164;-1;37.0;1.0;1.0;0.0;1.0;1.0;0.0;1.0;1.0;0.0;1.0;1.0;0.0;1.0;1.0;0.0;2.0;1.0;1.0;2.0;0.0;2.0;1.0;1.0;0.0;2.0;1.0;1.0;1.0;0.0;1.0;3.0;0.0;1.0;2.0;1.0;0.0;1.0;1.0;0.0;2.0;1.0;0.0;3.0;1.0;2.0;2.0;0.0;1.0;1.0;1.0;0.0;1.0;1.0;0.0;2.0;1.0;0.0;1.0;1.0;0.0;2.0;0.0;1.0;1.0;1.0;0.0;1.0;1.0;0.0;0.0;0.0;0.0;0.0;0.0;0.0;0.0;0.0;0.0;2.0;1.0;0.0;0.0;0.0;0.0;0.0;0.0;0.0
"e5301a941d2f61b75364c5a3c018dd92";1;2021;20222;4;0.5;1170;0.639344262295082;-0.639344262295082;-1;18.0;1.0;1.0;0.0;1.0;1.0;0.0;1.0;1.0;0.0;1.0;1.0;0.0;1.0;1.0;0.0;1.0;1.0;0.0;1.0;1.0;0.0;1.0;1.0;0.0;1.0;1.0;0.0;1.0;1.0;0.0;1.0;1.0;0.0;1.0;1.0;0.0;1.0;1.0;0.0;1.0;1.0;0.0;1.0;1.0;0.0;1.0;1.0;0.0;1.0;1.0;0.0;1.0;1.0;0.0;0.0;0.0;0.0;0.0;0.0;0.0;0.0;0.0;0.0;0.0;0.0;0.0;0.0;0.0;0.0;0.0;0.0;0.0;0.0;0.0;0.0;0.0;0.0;0.0;0.0;0.0;0.0;0.0;0.0;0.0;0.0;0.0;0.0
"e8a2e0c7c66874a847962da145a39569";1;2022;20222;2;0.25;600;0.32786885245901637;-0.32786885245901637;-1;9.0;1.0;1.0;0.0;1.0;1.0;0.0;1.0;1.0;0.0;1.0;1.0;0.0;1.0;1.0;0.0;1.0;1.0;0.0;1.0;1.0;0.0;1.0;1.0;0.0;0.0;0.0;0.0;0.0;0.0;0.0;0.0;0.0;0.0;0.0;0.0;0.0;0.0;0.0;0.0;0.0;0.0;0.0;1.0;1.0;0.0;0.0;0.0;0.0;0.0;0.0;0.0;0.0;0.0;0.0;0.0;0.0;0.0;0.0;0.0;0.0;0.0;0.0;0.0;0.0;0.0;0.0;0.0;0.0;0.0;0.0;0.0;0.0;0.0;0.0;0.0;0.0;0.0;0.0;0.0;0.0;0.0;0.0;0.0;0.0;0.0;0.0;0.0
"e9957108cb3947b94c108e2a2e6220b8";1;2021;20222;4;0.5;1170;0.639344262295082;-0.639344262295082;-1;18.0;1.0;1.0;0.0;1.0;1.0;0.0;1.0;1.0;0.0;1.0;1.0;0.0;1.0;1.0;0.0;1.0;1.0;0.0;1.0;1.0;0.0;1.0;1.0;0.0;1.0;1.0;0.0;1.0;1.0;0.0;1.0;1.0;0.0;1.0;1.0;0.0;1.0;1.0;0.0;1.0;1.0;0.0;1.0;0.0;0.0;1.0;1.0;0.0;1.0;1.0;0.0;1.0;1.0;0.0;0.0;0.0;0.0;0.0;0.0;0.0;0.0;0.0;0.0;0.0;0.0;0.0;0.0;0.0;0.0;0.0;0.0;0.0;0.0;0.0;0.0;0.0;0.0;0.0;0.0;0.0;0.0;0.0;0.0;0.0;0.0;0.0;0.0
"ea08710286e039dff3e4853cf49a63c1";1;2020;20222;6;0.75;1350;0.7377049180327869;-0.7377049180327869;-1;21.0;1.0;1.0;0.0;2.0;1.0;0.0;1.0;1.0;0.0;2.0;1.0;0.0;1.0;1.0;0.0;1.0;1.0;0.0;1.0;1.0;0.0;1.0;1.0;0.0;1.0;1.0;0.0;1.0;1.0;0.0;1.0;1.0;0.0;1.0;1.0;0.0;1.0;1.0;0.0;1.0;1.0;0.0;0.0;0.0;0.0;1.0;1.0;0.0;1.0;1.0;0.0;1.0;1.0;0.0;1.0;1.0;0.0;0.0;0.0;0.0;0.0;0.0;0.0;1.0;1.0;0.0;0.0;0.0;0.0;0.0;0.0;0.0;0.0;0.0;0.0;0.0;0.0;0.0;0.0;0.0;0.0;0.0;0.0;0.0;0.0;0.0;0.0
"ea26d86408e05d0df26221b0d81398a9";1;2018;20222;11;1.375;2250;1.2295081967213115;-1.2295081967213115;-1;36.0;1.0;1.0;0.0;1.0;1.0;0.0;1.0;1.0;0.0;1.0;1.0;0.0;1.0;1.0;0.0;1.0;1.0;0.0;1.0;1.0;0.0;1.0;1.0;0.0;1.0;1.0;0.0;1.0;1.0;0.0;1.0;1.0;0.0;1.0;1.0;0.0;1.0;1.0;0.0;1.0;1.0;0.0;1.0;1.0;0.0;1.0;1.0;0.0;1.0;1.0;0.0;1.0;1.0;0.0;1.0;1.0;0.0;2.0;1.0;1.0;1.0;1.0;0.0;2.0;1.0;0.0;3.0;1.0;1.0;1.0;1.0;0.0;2.0;1.0;1.0;2.0;1.0;0.0;1.0;1.0;0.0;2.0;1.0;1.0;1.0;1.0;0.0
"ec875e48a16daa5c8cb6fa729ea21629";1;2019;20222;7;0.875;1620;0.8852459016393442;-0.8852459016393442;-1;25.0;1.0;0.0;0.0;1.0;0.0;0.0;1.0;0.0;0.0;1.0;0.0;0.0;1.0;0.0;0.0;0.0;0.0;0.0;3.0;0.0;2.0;0.0;0.0;0.0;6.0;0.0;2.0;3.0;0.0;1.0;4.0;0.0;1.0;0.0;0.0;0.0;0.0;0.0;0.0;0.0;0.0;0.0;0.0;0.0;0.0;3.0;0.0;2.0;0.0;0.0;0.0;0.0;0.0;0.0;0.0;0.0;0.0;0.0;0.0;0.0;0.0;0.0;0.0;0.0;0.0;0.0;0.0;0.0;0.0;0.0;0.0;0.0;0.0;0.0;0.0;0.0;0.0;0.0;1.0;0.0;0.0;0.0;0.0;0.0;0.0;0.0;0.0
"ee501dc58e73b92f316c5fd79961f948";1;2021;20222;4;0.5;1110;0.6065573770491803;-0.6065573770491803;-1;17.0;1.0;1.0;0.0;3.0;1.0;1.0;1.0;1.0;0.0;1.0;1.0;0.0;1.0;1.0;0.0;2.0;1.0;1.0;2.0;0.0;2.0;1.0;1.0;0.0;0.0;0.0;0.0;0.0;0.0;0.0;0.0;0.0;0.0;1.0;1.0;0.0;1.0;1.0;0.0;0.0;0.0;0.0;0.0;0.0;0.0;1.0;1.0;0.0;1.0;1.0;0.0;0.0;0.0;0.0;0.0;0.0;0.0;0.0;0.0;0.0;0.0;0.0;0.0;0.0;0.0;0.0;0.0;0.0;0.0;0.0;0.0;0.0;0.0;0.0;0.0;0.0;0.0;0.0;0.0;0.0;0.0;0.0;0.0;0.0;1.0;1.0;0.0
"f4806b70af70f25d4f30dbf5dfbfb2ec";1;2021;20222;4;0.5;1170;0.639344262295082;-0.639344262295082;-1;18.0;1.0;1.0;0.0;1.0;1.0;0.0;1.0;1.0;0.0;1.0;1.0;0.0;1.0;1.0;0.0;1.0;1.0;0.0;1.0;1.0;0.0;1.0;1.0;0.0;1.0;1.0;0.0;1.0;1.0;0.0;1.0;1.0;0.0;1.0;1.0;0.0;1.0;1.0;0.0;1.0;1.0;0.0;1.0;0.0;0.0;1.0;1.0;0.0;1.0;1.0;0.0;1.0;1.0;0.0;0.0;0.0;0.0;0.0;0.0;0.0;0.0;0.0;0.0;0.0;0.0;0.0;0.0;0.0;0.0;0.0;0.0;0.0;0.0;0.0;0.0;0.0;0.0;0.0;0.0;0.0;0.0;0.0;0.0;0.0;0.0;0.0;0.0
"fbbb4dd72ec8339e3d9b903c4ddf90a1";1;2021;20222;4;0.5;1050;0.5737704918032787;-0.5737704918032787;-1;16.0;1.0;1.0;0.0;1.0;1.0;0.0;1.0;1.0;0.0;1.0;1.0;0.0;1.0;1.0;0.0;1.0;1.0;0.0;1.0;1.0;0.0;1.0;1.0;0.0;1.0;0.0;1.0;1.0;0.0;1.0;1.0;0.0;1.0;1.0;1.0;0.0;1.0;1.0;0.0;0.0;0.0;0.0;1.0;0.0;0.0;1.0;0.0;1.0;1.0;1.0;0.0;0.0;0.0;0.0;0.0;0.0;0.0;0.0;0.0;0.0;0.0;0.0;0.0;0.0;0.0;0.0;0.0;0.0;0.0;0.0;0.0;0.0;0.0;0.0;0.0;0.0;0.0;0.0;0.0;0.0;0.0;0.0;0.0;0.0;0.0;0.0;0.0
"fc1614293b1cb9388ab3f21ef4767eac";1;2020;20222;7;0.875;1710;0.9344262295081968;-0.9344262295081968;-1;27.0;1.0;1.0;0.0;2.0;1.0;0.0;1.0;1.0;0.0;2.0;1.0;0.0;1.0;1.0;0.0;1.0;1.0;0.0;1.0;1.0;0.0;1.0;1.0;0.0;1.0;1.0;0.0;1.0;1.0;0.0;1.0;1.0;0.0;1.0;1.0;0.0;1.0;1.0;0.0;1.0;1.0;0.0;1.0;1.0;0.0;1.0;1.0;0.0;1.0;1.0;0.0;1.0;1.0;0.0;1.0;1.0;0.0;1.0;1.0;0.0;1.0;1.0;0.0;1.0;1.0;0.0;1.0;1.0;0.0;1.0;0.0;0.0;1.0;1.0;0.0;0.0;0.0;0.0;0.0;0.0;0.0;0.0;0.0;0.0;0.0;0.0;0.0
"fe802d8d85de6f842749468401d1146c";1;2022;20222;2;0.25;540;0.29508196721311475;-0.29508196721311475;-1;8.0;2.0;1.0;1.0;1.0;0.0;1.0;2.0;1.0;1.0;1.0;0.0;1.0;1.0;1.0;0.0;0.0;0.0;0.0;0.0;0.0;0.0;1.0;1.0;0.0;0.0;0.0;0.0;0.0;0.0;0.0;0.0;0.0;0.0;0.0;0.0;0.0;0.0;0.0;0.0;0.0;0.0;0.0;0.0;0.0;0.0;0.0;0.0;0.0;0.0;0.0;0.0;0.0;0.0;0.0;0.0;0.0;0.0;0.0;0.0;0.0;0.0;0.0;0.0;0.0;0.0;0.0;0.0;0.0;0.0;0.0;0.0;0.0;0.0;0.0;0.0;0.0;0.0;0.0;0.0;0.0;0.0;0.0;0.0;0.0;0.0;0.0;0.0
"fec9ed6026d55ecdf514c640312c3d08";1;2020;20222;7;0.875;1470;0.8032786885245902;-0.8032786885245902;-1;23.0;1.0;1.0;0.0;2.0;1.0;0.0;1.0;1.0;0.0;2.0;1.0;0.0;1.0;1.0;0.0;1.0;1.0;0.0;1.0;1.0;0.0;1.0;1.0;0.0;1.0;1.0;0.0;1.0;1.0;0.0;1.0;1.0;0.0;1.0;1.0;0.0;1.0;1.0;0.0;2.0;1.0;0.0;1.0;1.0;0.0;1.0;1.0;0.0;1.0;1.0;0.0;1.0;1.0;0.0;1.0;1.0;0.0;0.0;0.0;0.0;1.0;1.0;0.0;0.0;0.0;0.0;0.0;0.0;0.0;0.0;0.0;0.0;0.0;0.0;0.0;0.0;0.0;0.0;0.0;0.0;0.0;0.0;0.0;0.0;0.0;0.0;0.0
